Name,Team,position,points
Aaron Judge,NYY,OF,1591
Juan Soto,SDP,OF,1582
Freddie Freeman,LAD,IF,1525
José Ramírez,CLE,IF,1518
Vladimir Guerrero Jr.,TOR,IF,1489
Ronald Acuña Jr.,ATL,OF,1486
Kyle Tucker,HOU,OF,1459
Pete Alonso,NYM,IF,1450
Trea Turner,PHI,IF,1446
Mike Trout,LAA,OF,1445
Mookie Betts,LAD,OF,1445
Paul Goldschmidt,STL,IF,1437
Julio Rodríguez,SEA,OF,1427
Shohei Ohtani,LAA,OF,1424
Matt Olson,ATL,IF,1419
Yordan Alvarez,HOU,OF,1411
Manny Machado,SDP,IF,1406
Bo Bichette,TOR,IF,1394
Austin Riley,ATL,IF,1392
Rafael Devers,BOS,IF,1389
Kyle Schwarber,PHI,OF,1374
Marcus Semien,TEX,IF,1348
Bobby Witt Jr.,KCR,IF,1330
Alex Bregman,HOU,IF,1325
Jose Altuve,HOU,IF,1325
Francisco Lindor,NYM,IF,1309
Corey Seager,TEX,IF,1308
Bryan Reynolds,PIT,OF,1307
Nolan Arenado,STL,IF,1303
Randy Arozarena,TBR,OF,1292
Gerrit Cole,NYY,P,1261
Rhys Hoskins,PHI,IF,1260
Xander Bogaerts,SDP,IF,1256
Cedric Mullins,BAL,OF,1255
Dansby Swanson,CHC,IF,1247
Willy Adames,MIL,IF,1240
George Springer,TOR,OF,1240
Christian Yelich,MIL,OF,1237
Fernando Tatis Jr.,SDP,IF,1232
Michael Harris II,ATL,OF,1230
Carlos Correa,MIN,IF,1227
Corbin Burnes,MIL,P,1222
Matt Chapman,TOR,IF,1221
José Abreu,HOU,IF,1219
Christian Walker,ARI,IF,1217
Teoscar Hernández,SEA,OF,1216
Max Muncy,LAD,IF,1215
Wander Franco,TBR,IF,1212
Brandon Nimmo,NYM,OF,1209
Adolis García,TEX,OF,1202
Nathaniel Lowe,TEX,IF,1199
Ozzie Albies,ATL,IF,1198
Oneil Cruz,PIT,IF,1198
Taylor Ward,LAA,OF,1193
Vinnie Pasquantino,KCR,IF,1188
Anthony Santander,BAL,OF,1183
Jazz Chisholm Jr.,MIA,IF,1179
Tommy Edman,STL,IF,1170
Tyler O'Neill,STL,OF,1170
Eloy Jiménez,CHW,OF,1169
Andrés Giménez,CLE,IF,1166
Jake Cronenworth,SDP,IF,1163
Josh Bell,CLE,IF,1159
Ian Happ,CHC,OF,1157
Steven Kwan,CLE,OF,1156
Luis Robert Jr.,CHW,OF,1155
Jorge Polanco,MIN,IF,1155
Anthony Rizzo,NYY,IF,1155
Gunnar Henderson,BAL,IF,1154
C.J. Cron,COL,IF,1153
Corbin Carroll,ARI,OF,1149
Tim Anderson,CHW,IF,1146
Aaron Nola,PHI,P,1145
Kris Bryant,COL,OF,1140
Ryan Mountcastle,BAL,IF,1139
Nick Castellanos,PHI,OF,1139
J.T. Realmuto,PHI,IF,1138
Eugenio Suárez,SEA,IF,1131
Amed Rosario,CLE,IF,1129
Ryan McMahon,COL,IF,1127
Daulton Varsho,TOR,OF,1122
Ty France,SEA,IF,1120
Rowdy Tellez,MIL,IF,1118
Gleyber Torres,NYY,IF,1117
Ketel Marte,ARI,IF,1117
Jake McCarthy,ARI,OF,1114
Starling Marte,NYM,OF,1113
Andrew Vaughn,CHW,IF,1111
Luis Castillo,SEA,P,1111
Dylan Cease,CHW,P,1111
Shane Bieber,CLE,P,1109
 Will Smith (LAD),LAD,OF,1108
Byron Buxton,MIN,OF,1106
Alex Verdugo,BOS,OF,1106
Jonathan India,CIN,IF,1105
Yandy Díaz,TBR,IF,1104
Javier Báez,DET,IF,1101
J.D. Martinez,LAD,OF,1101
Jeremy Peña,HOU,IF,1100
Adley Rutschman,BAL,IF,1095
Sandy Alcantara,MIA,P,1093
Robbie Ray,SEA,P,1089
Alec Bohm,PHI,IF,1087
Spencer Strider,ATL,P,1085
Seiya Suzuki,CHC,OF,1070
Jeff McNeil,NYM,IF,1066
Salvador Perez,KCR,IF,1065
Hunter Renfroe,LAA,OF,1064
Nico Hoerner,CHC,IF,1062
Willson Contreras,STL,IF,1061
Kevin Gausman,TOR,P,1061
Ke'Bryan Hayes,PIT,IF,1058
Giancarlo Stanton,NYY,IF,1058
Brandon Woodruff,MIL,P,1057
Riley Greene,DET,OF,1053
Framber Valdez,HOU,P,1052
Max Scherzer,NYM,P,1051
Shane McClanahan,TBR,P,1051
Cristian Javier,HOU,P,1049
Brandon Lowe,TBR,NA,1048
Sean Murphy,ATL,IF,1047
MJ Melendez,KCR,IF,1047
Luis Urías,MIL,IF,1040
Luis Arraez,MIA,IF,1033
Josh Naylor,CLE,IF,1033
Alek Manoah,TOR,P,1033
Joey Meneses,WSN,OF,1030
Yu Darvish,SDP,P,1030
Zack Wheeler,PHI,P,1028
Lars Nootbaar,STL,OF,1025
Jose Miranda,MIN,IF,1025
Masataka Yoshida,BOS,OF,1024
Justin Verlander,NYM,P,1018
Mike Yastrzemski,SFG,OF,1015
Thairo Estrada,SFG,IF,1008
Zac Gallen,ARI,P,1007
Mitch Haniger,SFG,OF,1005
Ramón Laureano,OAK,OF,1002
Max Fried,ATL,P,1002
Yoán Moncada,CHW,IF,997
Joc Pederson,SFG,OF,993
Triston McKenzie,CLE,P,992
Andrew Benintendi,CHW,OF,991
Austin Hays,BAL,OF,986
Trent Grisham,SDP,OF,985
Hunter Greene,CIN,P,982
Anthony Rendon,LAA,IF,981
Jesse Winker,MIL,OF,979
Julio Urías,LAD,P,975
Justin Turner,BOS,IF,972
Seth Brown,OAK,OF,971
Logan Webb,SFG,P,971
J.P. Crawford,SEA,IF,968
Triston Casas,BOS,IF,967
Jean Segura,MIA,IF,964
Chris Taylor,LAD,IF,964
Michael Conforto,SFG,OF,964
Jacob deGrom,TEX,P,964
Enrique Hernández,BOS,OF,958
Mark Canha,NYM,OF,958
Lucas Giolito,CHW,P,958
Alejandro Kirk,TOR,IF,957
Cody Bellinger,CHC,OF,955
Tyler Stephenson,CIN,IF,954
Kolten Wong,SEA,IF,949
Lourdes Gurriel Jr.,ARI,OF,948
Andrew McCutchen,PIT,OF,948
Charlie Morton,ATL,P,945
Logan Gilbert,SEA,P,945
Ezequiel Tovar,COL,IF,944
Spencer Torkelson,DET,IF,941
Vaughn Grissom,ATL,IF,933
Jeimer Candelario,WSN,IF,933
Whit Merrifield,TOR,IF,933
Joey Gallo,MIN,OF,932
Miguel Vargas,LAD,IF,931
Max Kepler,MIN,OF,928
Harrison Bader,NYY,OF,926
Nick Lodolo,CIN,P,926
Brady Singer,KCR,P,922
Jorge Soler,MIA,OF,920
Carlos Santana,PIT,IF,917
Lane Thomas,WSN,OF,916
Wil Myers,CIN,IF,915
Kyle Wright,ATL,P,913
Bryson Stott,PHI,IF,911
Brandon Drury,LAA,IF,911
Austin Meadows,DET,OF,910
Charlie Blackmon,COL,OF,909
Ha-Seong Kim,SDP,IF,908
Josh Jung,TEX,IF,905
Oscar Gonzalez,CLE,NA,905
Brendan Donovan,STL,IF,903
Chris Bassitt,TOR,P,901
Dylan Carlson,STL,OF,898
William Contreras,MIL,IF,897
Randal Grichuk,COL,OF,895
Manuel Margot,TBR,OF,894
Pablo López,MIN,P,893
Joey Votto,CIN,IF,890
CJ Abrams,WSN,IF,889
Trey Mancini,CHC,OF,887
Jake Fraley,CIN,OF,885
Avisaíl García,MIA,OF,882
Lance Lynn,CHW,P,881
Joe Musgrove,SDP,P,880
Blake Snell,SDP,P,880
Joe Ryan,MIN,P,880
Merrill Kelly,ARI,P,880
Brandon Crawford,SFG,IF,879
Luis García,WSN,NA,879
DJ LeMahieu,NYY,IF,878
Jordan Montgomery,STL,P,878
Bryan De La Cruz,MIA,OF,872
Jonathan Schoop,DET,IF,864
George Kirby,SEA,P,863
Tony Kemp,OAK,IF,862
Patrick Sandoval,LAA,P,862
Josh Rojas,ARI,IF,858
Nestor Cortes,NYY,P,858
Cal Raleigh,SEA,IF,857
Luis Garcia,HOU,IF,857
Germán Márquez,COL,P,856
TJ Friedl,CIN,OF,855
Jon Gray,TEX,P,853
Elvis Andrus,CHW,IF,851
José Berríos,TOR,P,850
Reid Detmers,LAA,P,848
Jordan Walker,STL,NA,847
Luis Severino,NYY,P,847
Isaac Paredes,TBR,IF,843
Miles Mikolas,STL,P,842
Carlos Rodón,NYY,P,832
Nick Pivetta,BOS,P,832
Alex Cobb,SFG,P,830
Garrett Cooper,MIA,IF,828
Jesús Luzardo,MIA,P,827
Ji-Man Choi,PIT,IF,826
Martín Pérez,TEX,P,826
Drew Rasmussen,TBR,P,823
Kodai Senga,NYM,P,823
Tyler Mahle,MIN,P,814
Miguel Rojas,LAD,IF,813
Brandon Marsh,PHI,OF,813
Jared Walsh,LAA,IF,812
Hunter Dozier,KCR,IF,812
Eduardo Escobar,NYM,IF,811
Sean Manaea,SFG,P,807
Jeffrey Springs,TBR,P,806
Marcus Stroman,CHC,P,804
Joey Wendle,MIA,IF,800
Wilmer Flores,SFG,IF,800
Danny Jansen,TOR,IF,799
Chas McCormick,HOU,OF,797
Josh Donaldson,NYY,IF,794
Tyler Anderson,LAA,P,794
Adam Frazier,BAL,IF,791
Garrett Mitchell,MIL,OF,788
David Villar,SFG,IF,787
Myles Straw,CLE,OF,787
Andrew Heaney,TEX,P,785
Eric Lauer,MIL,P,785
Jose Siri,TBR,OF,784
Adam Duvall,BOS,OF,783
Chris Sale,BOS,P,783
Shea Langeliers,OAK,IF,781
Eduardo Rodriguez,DET,P,781
Marcell Ozuna,ATL,OF,780
David Peralta,LAD,OF,779
Jameson Taillon,CHC,P,779
Bryce Harper,PHI,OF,778
Nathan Eovaldi,TEX,P,778
Keibert Ruiz,WSN,IF,774
Josiah Gray,WSN,P,773
Adam Wainwright,STL,P,772
Jarred Kelenic,SEA,OF,771
Ranger Suárez,PHI,P,771
LaMonte Wade Jr.,SFG,IF,765
Freddy Peralta,MIL,P,765
Kyle Gibson,BAL,P,765
Esteury Ruiz,OAK,OF,763
Justin Steele,CHC,P,763
Sonny Gray,MIN,P,761
JT Brubaker,PIT,P,761
Tyrone Taylor,MIL,OF,759
Spencer Steer,CIN,IF,759
Dominic Smith,WSN,IF,757
Rodolfo Castro,PIT,IF,754
Carlos Carrasco,NYM,P,754
Leody Taveras,TEX,OF,752
José Urquidy,HOU,P,750
Oscar Colas,CHW,NA,749
Cal Quantrill,CLE,P,744
Oswaldo Cabrera,NYY,OF,740
Gio Urshela,LAA,IF,737
Alex Kirilloff,MIN,OF,737
Victor Robles,WSN,OF,737
Eric Hosmer,CHC,IF,737
Christopher Morel,CHC,IF,736
Mitch Keller,PIT,P,734
Luis Rengifo,LAA,IF,732
Adalberto Mondesi,BOS,IF,731
Akil Baddoo,DET,OF,728
Clayton Kershaw,LAD,P,727
Matt Carpenter,SDP,IF,726
Roansy Contreras,PIT,P,726
Taijuan Walker,PHI,P,724
J.D. Davis,SFG,IF,723
Aledmys Díaz,OAK,OF,722
Marco Gonzales,SEA,P,722
Jack Suwinski,PIT,OF,720
Cole Irvin,BAL,P,720
Tony Gonsolin,LAD,P,719
Travis d'Arnaud,ATL,IF,716
Michael Brantley,HOU,OF,716
Nick Senzel,CIN,OF,716
Kerry Carpenter,DET,OF,716
Kyle Isbel,KCR,OF,714
Jesús Aguilar,OAK,IF,713
Yonathan Daza,COL,OF,712
Dustin May,LAD,P,712
Nick Gordon,MIN,IF,708
Harold Ramírez,TBR,IF,707
Brian Anderson,MIL,OF,706
Jonah Heim,TEX,IF,705
Michael Massey,KCR,IF,705
Jack Flaherty,STL,P,705
Zach Eflin,TBR,P,702
Trevor Rogers,MIA,P,702
Trayce Thompson,LAD,OF,699
AJ Pollock,SEA,OF,699
Michael Kopech,CHW,P,699
Jace Peterson,OAK,IF,697
Nelson Cruz,SDP,OF,696
Eddie Rosario,ATL,OF,696
Kyle Freeland,COL,P,695
Tommy Pham,NYM,OF,693
Corey Kluber,BOS,P,692
Brandon Belt,TOR,IF,691
Tyler Glasnow,TBR,P,690
Jorge Mateo,BAL,IF,688
Mitch Garver,TEX,IF,687
Ramón Urías,BAL,IF,686
Aaron Hicks,NYY,OF,682
Yasmani Grandal,CHW,IF,680
Jurickson Profar,,OF,678
Jordan Lyles,KCR,P,678
Santiago Espinal,TOR,IF,677
Nick Maton,DET,OF,676
Kyle Bradish,BAL,P,675
Robbie Grossman,TEX,OF,673
Patrick Wisdom,CHC,IF,665
Kevin Newman,CIN,IF,662
Grayson Rodriguez,BAL,P,662
Alex Wood,SFG,P,662
Ross Stripling,SFG,P,662
Evan Longoria,ARI,IF,656
Ken Waldichuk,OAK,P,655
Kyle Stowers,BAL,OF,654
Graham Ashcraft,CIN,P,654
Paul Blackburn,OAK,P,654
Kevin Kiermaier,TOR,OF,653
Aaron Civale,CLE,P,646
Edward Olivares,KCR,OF,645
Alek Thomas,ARI,OF,644
Joey Bart,SFG,IF,644
David Peterson,NYM,P,644
José Suarez,LAA,P,642
Michael Wacha,SDP,P,641
Nolan Gorman,STL,IF,637
Daniel Vogelbach,NYM,OF,634
Hunter Brown,HOU,P,633
Edward Cabrera,MIA,P,631
Johnny Cueto,MIA,P,631
Drew Waters,KCR,OF,630
Christian Vázquez,MIN,IF,629
Nicky Lopez,KCR,IF,629
James Kaprielian,OAK,P,628
Patrick Corbin,WSN,P,626
Jon Berti,MIA,OF,625
Noah Syndergaard,LAD,P,624
Matthew Boyd,DET,P,624
Elias Díaz,COL,IF,623
Shintaro Fujinami,OAK,P,622
Steven Matz,STL,P,621
Kenta Maeda,MIN,P,620
Dylan Moore,SEA,OF,616
Corey Dickerson,WSN,OF,616
Nick Allen,OAK,IF,615
Dean Kremer,BAL,P,612
Garrett Whitlock,BOS,P,610
Matt Vierling,DET,OF,607
Elehuris Montero,COL,IF,606
Michael Lorenzen,DET,P,606
David Fletcher,LAA,IF,604
Eric Haase,DET,IF,602
MacKenzie Gore,WSN,P,602
Mike Zunino,CLE,IF,594
Domingo Germán,NYY,P,594
JJ Bleday,OAK,OF,593
Madison Bumgarner,ARI,P,590
Brice Turang,MIL,IF,587
Zach Plesac,CLE,P,587
Will Brennan,CLE,OF,583
Yusei Kikuchi,TOR,P,582
Oswald Peraza,NYY,IF,580
Gabriel Moreno,ARI,IF,575
Carson Kelly,ARI,IF,574
James Paxton,BOS,P,574
Michael A. Taylor,MIN,OF,572
Juan Yepez,STL,OF,572
Jacob Stallings,MIA,IF,571
Austin Nola,SDP,IF,570
Christian Arroyo,BOS,IF,569
Nick Martinez,SDP,P,564
Logan O'Hoppe,LAA,IF,563
Matt Manning,DET,P,562
Jose Trevino,NYY,IF,560
Nick Ahmed,ARI,IF,560
Drew Smyly,CHC,P,560
Spencer Turnbull,DET,P,551
Cade Cavalli,WSN,P,551
Gavin Sheets,CHW,OF,550
Martín Maldonado,HOU,IF,549
Lance McCullers Jr.,HOU,P,549
Bailey Falter,PHI,P,545
Brad Miller,TEX,IF,544
Alex Call,WSN,OF,543
Austin Slater,SFG,OF,541
Drew Rucinski,OAK,P,540
Kyle Lewis,ARI,OF,539
Ji Hwan Bae,PIT,IF,535
Zach Davies,ARI,P,531
Jesús Sánchez,MIA,OF,527
Nolan Jones,COL,OF,521
Emmanuel Rivera,ARI,IF,517
Brayan Bello,BOS,P,516
Trevor Williams,WSN,P,512
Braxton Garrett,MIA,P,511
Omar Narváez,NYM,IF,510
Josh Lowe,TBR,OF,508
Keston Hiura,MIL,IF,508
Clarke Schmidt,NYY,P,505
Francisco Mejía,TBR,IF,504
Anthony Volpe,NYY,NA,501
Brad Keller,KCR,P,501
Isiah Kiner-Falefa,NYY,IF,499
Matt Mervis,CHC,NA,499
Jonathan Aranda,TBR,IF,496
Orlando Arcia,ATL,IF,495
Connor Joe,PIT,OF,495
Anthony DeSclafani,SFG,P,495
Nick Fortes,MIA,IF,494
Christian Bethancourt,TBR,IF,494
Miguel Cabrera,DET,OF,492
Yan Gomes,CHC,IF,490
Vince Velasquez,PIT,P,490
Gary Sanchez,,IF,488
José Iglesias,MIA,IF,487
Nate Eaton,KCR,IF,487
Zack Greinke,KCR,P,487
Franmil Reyes,KCR,OF,486
Seth Lugo,SDP,P,484
Kyle Muller,OAK,P,482
Austin Gomber,COL,P,481
Kyle Farmer,MIN,IF,480
Josh H. Smith,TEX,NA,477
Wade Miley,MIL,P,476
Max Stassi,LAA,IF,474
Cavan Biggio,TOR,IF,474
Antonio Senzatela,COL,P,472
Mike Clevinger,CHW,P,468
Brett Baty,NYM,IF,467
Edwin Díaz,NYM,P,467
Chad Pinder,CIN,OF,465
JP Sears,OAK,P,464
Tyler Wells,BAL,P,464
Mike Moustakas,COL,OF,460
Trevor Larnach,MIN,OF,457
Josh Harrison,PHI,IF,453
Rich Hill,PIT,P,452
Tucker Barnhart,CHC,IF,451
Luis Cessa,CIN,P,450
Michael Soroka,ATL,P,447
Mauricio Dubón,HOU,OF,446
Aaron Ashby,MIL,P,443
Stuart Fairchild,CIN,OF,442
Luke Weaver,CIN,P,442
Hayden Wesneski,CHC,P,441
Ryne Nelson,ARI,P,439
Reese McGuire,BOS,IF,438
Daniel Lynch,KCR,P,432
Ryan Yarbrough,KCR,P,429
Ian Anderson,ATL,P,427
Luis Campusano,SDP,IF,426
Darick Hall,PHI,IF,425
José Quintana,NYM,P,425
Ryan Jeffers,MIN,IF,423
Nick Pratto,KCR,IF,420
Stone Garrett,WSN,OF,419
Victor Caratini,MIL,IF,418
James Outman,LAD,OF,418
Mike Minor,,P,416
Tylor Megill,NYM,P,415
Bailey Ober,MIN,P,415
Trevor Story,BOS,IF,414
Andrés Muñoz,SEA,P,414
Ryan Helsley,STL,P,413
José Ureña,COL,P,413
Austin Hedges,PIT,IF,412
Yuli Gurriel,MIA,NA,411
Jhoan Duran,MIN,P,410
Donovan Solano,MIN,IF,409
Taylor Walls,TBR,IF,409
Cal Mitchell,PIT,OF,409
Ryan Feltner,COL,P,408
Tom Murphy,SEA,IF,406
Royce Lewis,MIN,IF,406
Kyle Hendricks,CHC,P,403
Brandon Pfaadt,ARI,NA,402
Bo Naylor,CLE,IF,399
James McCann,BAL,IF,397
Ryan Noda,OAK,IF,397
César Hernández,DET,IF,396
Elly De La Cruz,CIN,IF,396
Devin Williams,MIL,P,395
Jordan Luplow,ATL,OF,394
Jakob Junis,SFG,P,392
Josh Hader,SDP,P,390
Félix Bautista,BAL,P,390
Luis Guillorme,NYM,IF,389
Cody Morris,CLE,P,389
Tanner Houck,BOS,P,388
Alexis Díaz,CIN,P,386
Kyle Higashioka,NYY,IF,383
Jorge Alfaro,BOS,IF,383
Miguel Sanó,,IF,383
Michael Toglia,COL,OF,382
Ezequiel Duran,TEX,IF,380
A.J. Minter,ATL,P,380
Jake Burger,CHW,IF,378
Chris Flexen,SEA,P,378
Endy Rodriguez,PIT,IF,377
Raisel Iglesias,ATL,P,377
Adam Engel,SDP,OF,375
Dakota Hudson,STL,P,375
Geraldo Perdomo,ARI,IF,374
Alan Trejo,COL,IF,374
James Karinchak,CLE,P,374
A.J. Puk,MIA,P,374
Scott Barlow,KCR,P,374
Manny Piña,OAK,IF,373
Bubba Thompson,TEX,OF,373
Tarik Skubal,DET,P,372
Emmanuel Clase,CLE,P,371
Evan Phillips,LAD,P,371
Seby Zavala,CHW,IF,370
Adam Ottavino,NYM,P,370
Adrian Houser,MIL,P,369
Paul DeJong,STL,IF,368
Edmundo Sosa,PHI,IF,368
Pete Fairbanks,TBR,P,368
Jordan Romano,TOR,P,368
Alex Vesia,LAD,P,368
Bryan Abreu,HOU,P,368
Camilo Doval,SFG,P,368
Brock Burke,TEX,P,368
Jake Meyers,HOU,OF,367
Bobby Dalbec,BOS,IF,367
Nate Pearson,TOR,P,366
Giovanny Gallegos,STL,NA,362
Johan Oviedo,PIT,P,362
Austin Barnes,LAD,IF,361
Brian Serven,COL,IF,359
Taylor Rogers,SFG,P,359
DL Hall,BAL,P,359
Héctor Neris,HOU,P,359
Luke Voit,MIL,IF,358
Luis Ortiz,PIT,NA,358
David Bednar,PIT,P,357
Conner Capel,OAK,OF,356
José Alvarado,PHI,P,356
Robert Suarez,SDP,P,356
Paul Sewald,SEA,P,356
Chad Kuhl,WSN,P,355
Rougned Odor,SDP,IF,353
Seranthony Domínguez,PHI,P,350
Drey Jameson,ARI,P,348
Alex Lange,DET,P,348
Tanner Scott,MIA,P,348
Collin McHugh,ATL,P,346
Ryan Pepiot,LAD,P,346
Jason Adam,TBR,P,345
Trevor Stephan,CLE,P,345
Joe Jiménez,ATL,P,344
Kyle Finnegan,WSN,P,344
David Robertson,NYM,P,344
Curt Casali,CIN,IF,343
Matt Brash,SEA,P,342
Sam Haggerty,SEA,OF,340
Cristian Pache,OAK,OF,340
Jake Rogers,DET,IF,339
Kenley Jansen,BOS,P,339
Ryan Pressly,HOU,P,338
Dylan Coleman,KCR,P,338
Harold Castro,COL,IF,335
Caleb Thielbar,MIN,P,335
Davis Martin,CHW,P,335
Peter Strzelecki,MIL,P,335
Clay Holmes,NYY,P,334
Dylan Bundy,,P,334
Emilio Pagán,MIN,P,333
Craig Kimbrel,PHI,P,332
Adbert Alzolay,CHC,P,332
Brandon Hughes,CHC,P,331
John Schreiber,BOS,P,330
Sam Hentges,CLE,P,330
Clint Frazier,TEX,OF,329
Michael King,NYY,P,329
Daniel Bard,COL,P,329
Andrew Bellatti,PHI,NA,329
Gregory Soto,PHI,P,327
Tucker Davidson,LAA,P,327
Darin Ruf,NYM,OF,326
Erik Swanson,TOR,P,326
Kris Bubic,KCR,P,326
Will Benson,CIN,OF,325
Jovani Moran,MIN,P,325
Jarren Duran,BOS,OF,324
Jalen Beeks,TBR,P,324
Jorge López,MIN,P,324
Lucas Sims,CIN,P,323
Tomás Nido,NYM,IF,322
Carter Kieboom,WSN,IF,322
Ildemaro Vargas,WSN,IF,322
Garrett Cleavinger,TBR,P,322
Joey Wentz,DET,P,322
Luis Patiño,TBR,P,322
Luis García,SDP,P,321
Jake Odorizzi,TEX,P,321
Trevor May,OAK,P,321
Griffin Jax,MIN,P,319
Andrew Chafin,ARI,P,318
Yonny Chirinos,TBR,P,318
Jake Cousins,MIL,P,318
Zach Jackson,OAK,P,318
Matt Bush,MIL,P,318
Dylan Lee,ATL,NA,317
Adrian Morejon,SDP,P,317
Eli Morgan,CLE,P,317
Bryan Baker,BAL,P,315
Jake Diekman,CHW,P,315
José Leclerc,TEX,P,313
Ryan Kreidler,DET,IF,312
Chris Martin,BOS,P,309
Kendall Graveman,CHW,P,309
Riley Adams,WSN,IF,308
Diego Castillo,SEA,P,308
Dany Jiménez,OAK,P,308
Steven Okert,MIA,P,308
Mychal Givens,BAL,P,308
Joe Kelly,CHW,P,307
Reynaldo López,CHW,P,307
Ryne Stanek,HOU,P,307
Abraham Toro,MIL,IF,306
Dane Dunning,TEX,P,306
Anthony Bass,TOR,P,306
Carlos Estévez,LAA,P,306
Paolo Espino,WSN,P,306
Yimi Garcia,TOR,P,305
Ron Marinaccio,NYY,P,304
Jimmy Herget,LAA,P,303
Matt Moore,LAA,P,303
Rafael Montero,HOU,P,302
Mitch White,TOR,P,302
Keegan Thompson,CHC,P,302
Wil Crowe,PIT,P,302
Hunter Harvey,WSN,P,300
Jordan Hicks,STL,P,300
Kevin Ginkel,ARI,P,300
Penn Murfee,SEA,P,300
Scott McGough,ARI,NA,300
Steven Wilson,SDP,P,300
Connor Overton,CIN,P,299
Rob Refsnyder,BOS,OF,297
Edwin Ríos,CHC,IF,297
Aaron Bummer,CHW,P,297
Rowan Wick,CHC,P,297
Keegan Akin,BAL,P,297
Brad Boxberger,CHC,P,297
Jason Heyward,LAD,OF,296
Cionel Pérez,BAL,P,296
Taylor Hearn,TEX,P,294
Nick Solak,CIN,OF,293
José Quijada,LAA,P,292
Francisco Álvarez,NYM,NA,291
Joe Mantiply,ARI,P,291
Enyel De Los Santos,CLE,P,291
Michael Fulmer,CHC,P,291
Colin Poche,TBR,P,291
Will Vest,DET,P,291
Adrián Martínez,OAK,P,291
Nabil Crismatt,SDP,P,291
Miguel Castro,ARI,P,291
Phil Maton,HOU,P,289
Brusdar Graterol,LAD,P,288
Connor Brogdon,PHI,P,288
Hoby Milner,MIL,NA,288
Ryan Tepera,LAA,P,288
Jake Alu,WSN,IF,287
Jonathan Loáisiga,NYY,P,287
Brooks Raley,NYM,P,286
Caleb Ferguson,LAD,P,286
Buck Farmer,CIN,P,286
Mike Brosseau,MIL,IF,285
Joely Rodríguez,BOS,P,285
Shawn Armstrong,TBR,P,285
Taylor Clarke,KCR,P,285
Duane Underwood Jr.,PIT,P,285
Daniel Hudson,LAD,P,284
Wandy Peralta,NYY,P,282
Drew Smith,NYM,NA,282
Tommy Nance,MIA,NA,282
Domingo Acevedo,OAK,P,282
Josh Staumont,KCR,P,282
Tyler Naquin,MIL,OF,281
Leury Garcia,CHW,IF,281
Austin Voth,BAL,P,280
Nelson Velázquez,CHC,OF,279
Aroldis Chapman,KCR,P,279
Kutter Crawford,BOS,P,277
Chris Stratton,STL,P,277
Adrian Sampson,CHC,P,277
Andrew Knizner,STL,IF,276
Dinelson Lamet,COL,P,276
Pierce Johnson,COL,P,276
Dylan Floro,MIA,P,276
Erasmo Ramírez,WSN,P,276
Carl Edwards Jr.,WSN,P,276
Pavin Smith,ARI,OF,275
Jonathan Hernández,TEX,P,275
Tommy La Stella,SEA,IF,274
Will Smith (TEX),TEX,IF,274
Tyler Rogers,SFG,P,273
Nick Madrigal,CHC,IF,272
Jaime Barría,LAA,P,272
Tyler Alexander,DET,P,272
Robert Stephenson,PIT,P,271
Aaron Loup,LAA,P,270
Roberto Pérez,SFG,IF,269
Matthew Liberatore,STL,P,269
Brent Suter,COL,P,269
Yency Almonte,LAD,P,268
Matt Festa,SEA,P,268
Yadiel Hernandez,WSN,OF,267
Bryce Elder,ATL,P,267
Matt Strahm,PHI,P,267
Justin Lawrence,COL,NA,267
Nick Sandlin,CLE,P,267
José Cisnero,DET,P,267
Trevor Gott,SEA,P,267
Chase De Jong,PIT,P,267
Michael Pineda,,P,266
Aníbal Sánchez,,P,266
Korey Lee,HOU,IF,265
Tony Santillan,CIN,P,265
Ryan Brasier,BOS,P,265
Matt Barnes,MIA,P,265
John Brebbia,SFG,P,264
Trevor Richards,TOR,P,264
Génesis Cabrera,STL,P,263
Romy Gonzalez,CHW,IF,262
Owen Miller,MIL,IF,262
Victor Reyes,CHW,OF,262
Chris Archer,,P,262
Andrew Wantz,LAA,NA,262
José Ruiz,CHW,P,262
Gabriel Arias,CLE,IF,261
Luke Maile,CIN,IF,260
Andre Pallante,STL,P,260
Tommy Kahnle,NYY,P,259
Xzavion Curry,CLE,NA,259
Evan White,SEA,IF,258
David Hensley,HOU,IF,258
Elieser Hernandez,NYM,NA,258
Luis González,SFG,OF,255
Josh Sborz,TEX,P,255
Dalton Guthrie,PHI,NA,254
Jake Cave,PHI,OF,254
Colin Holderman,PIT,NA,254
Reiver Sanmartin,CIN,P,254
Jorge Alcala,MIN,P,252
JT Chargois,MIA,P,252
Joe Barlow,TEX,P,252
Odúbel Herrera,,OF,250
Ian Gibaut,CIN,NA,250
Jason Foley,DET,P,250
Víctor Arano,WSN,P,250
Sam Moll,OAK,NA,250
Adam Oller,OAK,P,250
Seth Martinez,HOU,NA,249
Phil Bickford,LAD,P,247
Amir Garrett,KCR,P,247
Huascar Brazoban,MIA,NA,247
Sam Hilliard,ATL,OF,246
Jonathan Villar,,IF,246
Shelby Miller,LAD,P,246
Jose Barrero,CIN,IF,244
Adam Cimber,TOR,P,242
Tim Mayza,TOR,P,242
Brett Phillips,LAA,OF,241
John Curtiss,NYM,P,240
Beau Brieske,DET,P,240
Ben Gamel,TBR,OF,238
Nick Nelson,PHI,P,238
Kevin Smith,OAK,IF,237
Ryan Thompson,TBR,P,237
Joel Payamps,MIL,NA,237
Connor Wong,BOS,IF,236
Robinson Chirinos,,IF,236
Matt Duffy,KCR,IF,234
Fernando Cruz,CIN,NA,232
Brendan Rodgers,COL,IF,230
Bryse Wilson,MIL,P,230
Dillon Tate,BAL,P,229
Sal Frelick,MIL,NA,228
Trevor Megill,MIN,NA,228
Tyler Freeman,CLE,IF,226
Yerry De Los Santos,PIT,P,226
Michael Rucker,CHC,NA,226
Taylor Trammell,SEA,OF,225
Michael Grove,LAD,P,225
Brad Hand,COL,P,225
Mason Englert,DET,P,223
Albert Abreu,NYY,P,223
Jordan Groshans,MIA,IF,221
Richard Bleier,BOS,P,220
Mike Burrows,PIT,P,220
Jesse Chavez,ATL,P,220
Sam Long,SFG,NA,220
Joey Lucchesi,NYM,P,219
Scott Alexander,SFG,P,219
Corey Knebel,,P,219
Justin Upton,,OF,218
Jarlín García,PIT,P,217
José Azocar,SDP,OF,216
Mark Melancon,ARI,P,216
Tim Hill,SDP,P,216
Javy Guerra,MIL,NA,216
Stephen Nogosek,NYM,NA,214
Vidal Bruján,TBR,IF,213
Dallas Keuchel,,P,213
Sixto Sánchez,MIA,P,212
Garrett Crochet,CHW,P,211
Eury Pérez,MIA,NA,209
Josh Winder,MIN,P,209
Daniel Norris,CIN,NA,208
Kaleb Ort,BOS,NA,208
Corbin Martin,ARI,P,208
Jay Groome,SDP,P,207
Tucupita Marcano,PIT,OF,205
Richard Lovelady,KCR,P,205
Jeff Brigham,NYM,P,205
Lou Trivino,NYY,P,205
Justin Dunn,CIN,P,204
Gilberto Celestino,MIN,OF,203
Connor Seabold,COL,P,203
Javier Assad,CHC,P,203
Andrelton Simmons,,IF,202
Raimel Tapia,BOS,OF,202
Gavin Stone,LAD,NA,202
Mason Thompson,WSN,NA,202
Andrew Nardi,MIA,NA,202
Brenton Doyle,COL,NA,201
Jo Adell,LAA,OF,201
Michael Plassmeyer,PHI,NA,201
Stephen Strasburg,WSN,P,200
Bruce Zimmermann,BAL,P,200
Hunter Gaddis,CLE,P,200
Dominic Leone,TEX,P,199
Kyle Nelson,ARI,P,199
Alex Colomé,WSN,P,199
Jimmy Lambert,CHW,NA,199
Tyler Nevin,DET,IF,197
Drew Pomeranz,SDP,P,196
Dennis Santana,NYM,P,196
Cole Sulser,ARI,P,196
Matt Foster,CHW,P,196
Jake Bird,COL,NA,196
Kevin Plawecki,PIT,IF,195
Nick Vespi,BAL,NA,195
Rony García,DET,P,195
Tim Herrin,CLE,NA,194
Jake Woodford,STL,P,192
Greg Weissert,NYY,NA,192
Samad Taylor,KCR,NA,191
Kole Calhoun,SEA,OF,191
Griffin Canning,LAA,P,191
Yainer Diaz,HOU,IF,190
Josh Taylor,KCR,P,190
Julian Merryweather,CHC,P,190
Kirby Yates,ATL,P,190
Garrett Hill,DET,P,189
John Means,BAL,P,188
Garrett Hampson,MIA,OF,187
Matt Wisler,DET,P,187
Brandon Bielak,HOU,P,187
Joey Krehbiel,BAL,NA,187
Nick Avila,CHW,P,187
Yoshi Tsutsugo,TEX,IF,185
Kirby Snead,OAK,NA,184
Andrew Painter,PHI,NA,182
Luke Raley,TBR,OF,181
Yunior Marte,PHI,NA,181
Zack Weiss,LAA,NA,181
Dauri Moreta,PIT,NA,181
Chase Silseth,LAA,P,179
Chad Smith,OAK,NA,179
Blake Sabol,SFG,OF,178
Zach Pop,TOR,NA,178
Zack Thompson,STL,P,178
Nick Anderson,ATL,P,178
Didi Gregorius,,IF,177
Jackie Bradley Jr.,KCR,OF,176
Joel Kuhnel,CIN,P,175
Hansel Robles,,P,175
Archie Bradley,,P,174
Cody Stashak,MIN,NA,172
Wyatt Mills,BOS,NA,172
Brandon Dixon,SDP,IF,171
Peter Lambert,COL,P,171
Cooper Hummel,SEA,OF,170
Hanser Alberto,CHW,IF,170
Alec Burleson,STL,OF,170
Garrett Stubbs,PHI,IF,169
Donny Sands,DET,NA,169
Yu Chang,BOS,IF,169
José Castillo,SDP,P,169
Kevin Kelly,TBR,NA,169
Lenyn Sosa,CHW,NA,168
Zach McKinstry,CHC,IF,168
Reese Olson,DET,P,168
Tejay Antone,CIN,P,167
Calvin Faucher,TBR,NA,166
Luis Torrens,CHC,IF,165
Joan Adon,WSN,P,165
Max Castillo,KCR,P,165
Forrest Whitley,HOU,P,165
Kyle Garlick,MIN,OF,164
Tanner Banks,CHW,NA,164
Jeremiah Estrada,CHC,P,164
Tommy Henry,ARI,P,164
Jonathan Heasley,KCR,P,164
John King,TEX,NA,163
Jose Lopez,SDP,NA,163
Justin Topa,SEA,NA,163
Kyle Harrison,SFG,NA,162
Ryan McKenna,BAL,OF,161
Bryce Montes de Oca,NYM,NA,161
Carlos Hernández,KCR,P,161
Cole Waites,SFG,NA,160
Drew VerHagen,STL,P,160
Casey Sadler,SEA,P,158
J.P. France,HOU,NA,157
Jeurys Familia,ARI,P,157
Alec Mills,,P,155
Thad Ward,WSN,P,155
Hunter Strickland,CIN,P,155
Danny Mendick,NYM,IF,154
Andrew Politi,BAL,P,154
Brendan White,DET,NA,154
Miguel Andújar,PIT,OF,153
Cristopher Sánchez,PHI,NA,153
Kolby Allard,ATL,P,153
Diego Castillo,ARI,P,152
Luke Jackson,SFG,P,152
Jonah Bride,OAK,IF,151
Jose Cuas,KCR,NA,151
Noé Ramirez,,P,151
Jordan Weems,WSN,NA,149
Victor González,LAD,P,148
Kevin Pillar,ATL,OF,146
Terrin Vavra,BAL,IF,146
Bobby Miller,LAD,NA,146
Nick Mears,COL,NA,146
Chasen Shreve,DET,P,146
Jackson Stephens,ATL,P,145
Ethan Small,MIL,P,143
Ken Giles,,P,143
Mike Baumann,BAL,P,142
Jose Hernandez,PIT,P,142
Jhoulys Chacín,,P,142
Alcides Escobar,,IF,140
Colin Moran,SEA,IF,140
Brandon Williamson,CIN,P,140
Hogan Harris,OAK,NA,140
Deivi García,NYY,P,140
Liam Hendriks,CHW,P,139
Cole Ragans,TEX,P,139
Levi Stoudt,CIN,NA,138
Zach Thompson,TOR,P,138
Sam Huff,TEX,IF,137
Andrew Velazquez,LAA,IF,137
Thomas Szapucki,SFG,NA,137
Jeff Hoffman,MIN,P,137
Chris Devenski,LAA,P,136
Trevor Kelley,TBR,NA,136
Bryan Shaw,CHW,P,136
Blake Taylor,HOU,NA,136
Matt Reynolds,CIN,NA,135
Shawn Dubin,HOU,NA,135
Luis Ortiz,PHI,P,134
Zach Greene,NYY,P,134
Freddy Tarnok,OAK,P,134
Ryan Borucki,CHC,P,134
Drew Steckenrider,OAK,P,134
Curtis Mead,TBR,IF,133
Caleb Kilian,CHC,P,133
Michael Siani,CIN,NA,132
J.J. Matijevic,HOU,IF,131
Packy Naughton,STL,NA,131
Andres Machado,WSN,P,131
Danny Duffy,TEX,P,130
Isan Díaz,SFG,IF,129
Rafael Ortega,NYY,OF,129
Spenser Watkins,BAL,P,129
Trevor Rosenthal,DET,P,128
Spencer Howard,TEX,P,128
Wily Peralta,WSN,P,128
Carlos Pérez,CHW,NA,127
Dan Altavilla,BOS,P,127
Yonny Hernandez,LAD,IF,126
Jordan Westburg,BAL,NA,125
Matt Krook,NYY,NA,125
Ronel Blanco,HOU,NA,125
Ian Kennedy,TEX,P,125
Mickey Moniak,LAA,OF,124
Pedro Severino,SDP,IF,124
Louie Varland,MIN,P,124
Heath Hembree,TBR,P,124
Alex Dickerson,,OF,123
Josh Fleming,TBR,P,123
Niko Goodrum,BOS,IF,122
Stephen Piscotty,SFG,OF,122
Trey Wingenter,DET,P,122
Steven Brault,CHC,P,122
Gabe Speier,SEA,NA,122
Peyton Battenfield,CLE,NA,122
Riley Pint,COL,P,122
Alex Faedo,DET,P,121
Peyton Burdick,MIA,OF,119
Gavin Hollowell,COL,NA,119
Tyler Duffey,CHC,P,119
Alex Reyes,LAD,P,119
Jackson Kowar,KCR,P,119
Mark Mathias,PIT,IF,118
Ryan O'Hearn,BAL,IF,118
Wilking Rodriguez,STL,NA,118
Nic Enright,MIA,P,116
Mauricio Llovera,SFG,NA,116
Seth Elledge,ATL,NA,116
Cole Sands,MIN,P,116
Sean Poppen,SDP,NA,116
George Soriano,MIA,NA,116
Yohan Ramirez,PIT,P,116
Cory Abbott,WSN,NA,116
Daniel Castano,MIA,P,115
Konnor Pilkington,CLE,P,115
Justin Bruihl,LAD,NA,115
Nomar Mazara,BAL,OF,114
Mark Leiter Jr.,CHC,NA,113
Ronny Henriquez,MIN,NA,113
Alex Young,CIN,P,113
Sean Doolittle,WSN,P,113
Kolton Ingram,LAA,NA,113
Andre Jackson,LAD,P,113
Tyler Thornburg,,P,113
Aaron Sanchez,MIN,P,112
Sean Hjelle,SFG,P,112
Parker Meadows,DET,NA,111
Charlie Culberson,TBR,OF,110
Lucas Gilbreath,COL,NA,110
Sam Coonrod,NYM,P,110
Kyle Crick,TBR,P,110
Erich Uelmen,PHI,NA,110
Hirokazu Sawamura,,P,110
Willi Castro,MIN,IF,109
Sergio Alcántara,CHC,IF,109
Codi Heuer,CHC,P,109
Tyler Danish,NYY,NA,109
Zack Short,DET,IF,107
Greg Allen,BOS,OF,107
Tommy Hunter,NYM,P,107
David Phelps,,P,107
Janson Junk,MIL,P,107
Zack Littell,TEX,P,107
Michel Baez,SDP,P,107
Joe Ross,SFG,P,106
Willie Calhoun,NYY,OF,105
George Valera,CLE,OF,104
Jason Delay,PIT,IF,104
Tyler Holton,DET,NA,104
Steve Cishek,,P,104
Enoli Paredes,HOU,P,104
Touki Toussaint,CLE,P,104
Joe Smith,,P,104
Aristides Aquino,,OF,103
Justus Sheffield,SEA,P,103
Griff McGarry,PHI,NA,103
Sean Bouchard,COL,IF,102
Austin Wynns,SFG,IF,101
Andy Ibáñez,DET,IF,101
Travis Swaggerty,PIT,OF,101
Erik González,CHW,IF,101
Colton Cowser,BAL,NA,101
Michael Tonkin,ATL,NA,101
Austin Adams,ARI,P,101
J.P. Feyereisen,LAD,P,101
Reyes Moronta,TEX,P,101
Chase Anderson,CIN,P,100
Luis Frías,ARI,NA,98
Josh Simpson,MIA,NA,98
Yerry Rodriguez,TEX,NA,98
Jimmy Nelson,LAD,P,98
Zack Britton,,NA,98
Justin Garza,LAA,NA,98
Addison Barger,TOR,IF,97
Michael Chavis,WSN,IF,97
Edouard Julien,MIN,IF,97
Joey Cantillo,CLE,NA,97
Sean Burke,CHW,NA,97
Bennett Sousa,CIN,NA,97
Jason Alexander,MIL,P,97
Jonathan Stiever,CHW,NA,97
Canaan Smith-Njigba,PIT,OF,96
Franchy Cordero,BAL,IF,96
Tim Locastro,NYM,OF,96
Trent Thornton,TOR,P,95
JoJo Romero,STL,NA,95
Anthony Misiewicz,STL,NA,95
Brent Honeywell Jr.,SDP,NA,95
Miguel Diaz,DET,NA,95
Sergio Romo,SFG,P,95
Jordan Diaz,OAK,IF,94
Dermis Garcia,OAK,IF,94
Frankie Montas,NYY,P,94
Jared Shuster,ATL,NA,94
Bryan Mata,BOS,P,94
Wynton Bernard,TOR,OF,93
Derek Hill,WSN,OF,93
Ricky Tiedemann,TOR,NA,93
Zack Kelly,BOS,NA,92
Silvino Bracho,CIN,P,92
Austin Davis,HOU,P,92
A.J. Alexy,CHW,P,92
Eli White,ATL,OF,91
Glenn Otto,TEX,P,91
Ehire Adrianza,ATL,OF,89
Jimmy Cordero,NYY,P,89
Josh Winckowski,BOS,P,89
Carlos Vargas,ARI,NA,89
Cam Robinson,MIL,NA,89
Derek Law,CIN,P,89
Richard Rodríguez,MIA,P,89
Reiss Knehr,SDP,NA,89
Kody Clemens,PHI,IF,88
Jake Marisnick,CHW,OF,88
Logan Allen,COL,P,88
Hyun Jin Ryu,TOR,NA,88
Zack Collins,CLE,IF,87
Dee Strange-Gordon,,IF,87
Mark Vientos,NYM,IF,87
Richie Palacios,CLE,OF,86
Matt Wallner,MIN,OF,86
Tyler Kinley,COL,P,86
Parker Mushinski,HOU,NA,86
Matt Gage,HOU,NA,86
Elvis Peguero,MIL,NA,86
Danny Coulombe,MIN,NA,86
Drew Hutchison,TOR,P,86
Deolis Guerra,OAK,NA,86
P.J. Higgins,ARI,IF,85
Lewin Díaz,BAL,IF,85
Jason Vosler,CIN,IF,84
Joey Wiemer,MIL,NA,83
Justyn-Henry Malloy,DET,NA,83
Robinson Canó,ATL,IF,83
Alejo Lopez,CIN,IF,83
Jandel Gustave,ARI,P,83
Nick Wittgren,KCR,P,83
Daniel Palka,BOS,NA,81
Tyler Wade,OAK,IF,81
Johan Camargo,KCR,IF,81
Angel Zerpa,KCR,NA,80
Jay Jackson,TOR,P,80
Logan Gillaspie,BAL,NA,80
Franklin German,CHW,NA,80
Jerar Encarnacion,MIA,OF,79
Connor Thomas,STL,P,79
Matt Thaiss,LAA,IF,78
Seth Beer,ARI,IF,78
Chad Green,TOR,P,77
Patrick Murphy,MIN,NA,77
Chris Clarke,SEA,P,77
Will Harris,,P,77
James Norwood,NYY,NA,77
Colin Selby,PIT,NA,77
Casey Lawrence,TOR,P,77
Gregory Santos,CHW,P,77
Noah Davis,COL,NA,77
Jose Herrera,ARI,IF,76
Ford Proctor,SFG,NA,76
Jeter Downs,WSN,IF,76
Taj Bradley,TBR,P,76
Joey Ortiz,BAL,IF,75
Roman Quinn,CLE,OF,75
Estevan Florial,NYY,OF,75
Edwin Uceta,DET,NA,75
Tyler Soderstrom,OAK,NA,74
Cody Bolton,PIT,NA,74
Ty Blach,COL,P,74
Nicholas Padilla,CHW,NA,74
Andrew Knapp,DET,IF,73
Vimael Machín,PHI,IF,73
Ben Joyce,LAA,NA,72
Tyler Heineman,PIT,IF,71
Nathan Lukes,TOR,NA,71
Blair Calvo,COL,NA,71
Brennan Bernardino,SEA,NA,71
Manny Bañuelos,,P,71
Ricky Karcher,CIN,NA,71
Thomas Hatch,TOR,P,71
Connor Phillips,CIN,NA,70
Travis Jankowski,TEX,OF,69
Chris Owings,PIT,IF,69
Yolbert Sanchez,CHW,NA,68
Erick Fedde,,P,68
Darius Vines,ATL,NA,68
Matt Cronin,WSN,NA,68
Luis Perdomo,,NA,68
Yennier Cano,BAL,NA,68
Justin Wilson,MIL,P,68
Evan Reifert,TBR,NA,68
Freddy Pacheco,DET,NA,68
Louis Head,PHI,NA,68
Israel Pineda,WSN,NA,67
Alfonso Rivas,SDP,IF,67
Chris Paddack,MIN,P,67
Brandon Walter,BOS,P,67
Max Meyer,MIA,P,67
Simeon Woods Richardson,MIN,P,67
Jake Irvin,WSN,NA,67
Brett Wisely,SFG,NA,66
Darwinzon Hernandez,BAL,P,66
Hobie Harris,WSN,NA,66
Michael Busch,LAD,IF,65
Sandy Leon,TEX,IF,65
Andrew Kittredge,TBR,P,65
Pedro Avila,SDP,NA,65
Isaiah Campbell,SEA,NA,65
Oliver Ortega,MIN,NA,65
Matt Andriese,LAD,P,65
Ralph Garza Jr.,,NA,65
Manuel Rodríguez,CHC,P,65
Tyler Gilbert,ARI,P,65
Ben Rortvedt,NYY,IF,64
Christian Encarnacion-Strand,CIN,NA,64
Ryan Rolison,COL,NA,64
Jack Mayfield,,IF,63
Bradley Zimmer,LAD,OF,63
Magneuris Sierra,ATL,OF,63
Jordan Holloway,CHC,P,63
Abner Uribe,MIL,NA,63
Anthony Kay,CHC,P,63
Freddy Fermin,KCR,NA,62
Charles Leblanc,MIA,IF,62
David Bote,CHC,IF,62
Maikel Garcia,KCR,IF,62
Jacob Amaya,MIA,NA,62
Pedro Leon,HOU,NA,62
Enmanuel Valdez,BOS,IF,62
Jhony Brito,NYY,NA,62
Tyler Cyr,LAD,NA,62
Jacob Barnes,TEX,P,62
Justin Martinez,ARI,NA,62
Easton McGee,SEA,NA,62
Ryan Sherriff,BOS,NA,62
Collin Snider,KCR,NA,62
Taylor Widener,,P,60
Jesse Biddle,ARI,P,60
Rico Garcia,OAK,NA,60
René Pinto,TBR,IF,59
Iván Herrera,STL,IF,59
Justin Dirden,HOU,NA,59
Jake Lamb,LAA,OF,59
Jose Alvarez,,NA,59
Eric Torres,LAA,NA,59
Kyle Funkhouser,TEX,NA,59
Zack Gelof,OAK,NA,58
Matt Beaty,KCR,OF,58
Zach Logue,DET,P,58
Cole Tucker,COL,IF,57
Ryan Vilade,PIT,IF,57
Brett Martin,TEX,P,57
Anthony Banda,WSN,P,57
Austin Pruitt,OAK,P,57
Slade Cecconi,ARI,NA,56
Craig Stammen,SDP,P,56
Jharel Cotton,,P,56
Tayler Saucedo,SEA,NA,56
Jonathan Davis,DET,OF,55
Cam Gallagher,CLE,IF,55
Eguy Rosario,SDP,IF,54
Austin Romine,,IF,54
Francisco Perez,WSN,NA,54
Andrew Vasquez,PHI,NA,54
Brayan Rocchio,CLE,IF,53
Stephen Ridings,NYM,NA,53
Luis Gil,NYY,P,53
Colby White,TBR,P,53
Wilmer Font,SDP,NA,53
Meibrys Viloria,CLE,IF,52
Ronny Mauricio,NYM,NA,52
Mike Mayers,KCR,P,51
Willie MacIver,COL,NA,50
Daz Cameron,BAL,OF,50
Hoy Park,ATL,IF,50
Chris Rodriguez,LAA,P,50
Eli Villalobos,MIA,NA,50
Roenis Elías,CHC,P,50
Brent Rooker,OAK,OF,49
Yairo Munoz,ARI,IF,49
Mike Ford,SEA,IF,49
Kohei Arihara,,P,49
Miguel Yajure,SFG,P,48
Sam Selman,,NA,48
Narciso Crook,BOS,NA,47
David Hamilton,BOS,NA,47
Blake Perkins,MIL,NA,47
Mark Contreras,MIN,OF,47
Andrew Abbott,CIN,NA,47
Jose Butto,NYM,NA,47
Tyler Chatwood,PIT,P,47
Angel Felipe,SDP,NA,47
Tom Cosgrove,SDP,NA,47
Austin Warren,LAA,NA,47
Liover Peguero,PIT,IF,46
Gavin Williams,CLE,NA,45
Jake Reed,LAD,NA,45
Francisco Morales,PHI,NA,45
Caleb Baragar,CLE,NA,45
Tres Barrera,STL,IF,44
Yosver Zulueta,TOR,NA,44
Jimmy Yacabonis,NYM,P,44
Cole Hamels,SDP,P,44
Jared Koenig,SDP,P,44
Nick Mikolajchak,CLE,NA,44
Bligh Madris,HOU,OF,42
Monte Harrison,MIL,OF,42
Kevin Herget,CIN,NA,42
Jose Marte,LAA,NA,42
Phillips Valdez,COL,P,42
Keynan Middleton,CHW,P,42
Stephen Vogt,,IF,41
Jaylin Davis,NYM,OF,41
Cole Henry,WSN,NA,41
Dillon Peters,,P,41
Zach Brzykcy,WSN,NA,41
Guillermo Zuñiga,STL,NA,41
Julio Teheran,SDP,P,41
Andre Lipcius,DET,NA,40
Ernie Clement,TOR,IF,40
Terrance Gore,NYM,OF,40
Rafael Marchan,PHI,NA,39
Evan Lee,WSN,NA,39
Jacob Webb,LAA,P,39
Tyson Miller,MIL,NA,39
Tanner Rainey,WSN,P,39
Jake Walsh,STL,NA,39
Aramis Garcia,PHI,IF,38
Casey Mize,DET,P,38
Bryan Garcia,HOU,P,38
Miles Mastrobuoni,CHC,NA,37
Josh Lester,BAL,NA,37
Matthew Batten,SDP,NA,37
Xavier Edwards,MIA,IF,36
Dominic Fletcher,ARI,NA,36
Dom Nuñez,CHC,IF,36
Drew Ellis,,IF,36
Tim Lopes,SDP,IF,36
Símon Muzziotti,PHI,NA,36
Adam Haseley,CHW,OF,36
Vinny Nittoli,CHC,NA,36
Brooks Wilson,ATL,NA,36
Ray Kerr,SDP,NA,36
Chris Murphy,BOS,NA,36
Ryan Weathers,SDP,P,36
William Woods,NYM,NA,36
Geoff Hartlieb,MIA,P,36
Justin Yeager,MIL,NA,36
Gus Varland,MIL,P,36
Kevin Cron,OAK,NA,35
Steven Duggar,LAD,OF,35
Cole Winn,TEX,P,35
Mike Tauchman,CHC,OF,34
Livan Soto,LAA,IF,34
Yolmer Sanchez,ATL,IF,34
Luke Bard,TOR,P,33
Sam Clay,ARI,NA,33
Eric Stout,CHC,NA,33
Chi Chi González,MIA,P,33
T.J. McFarland,NYM,P,33
James Naile,STL,NA,33
Anthony Castro,WSN,NA,33
Michael Stefanic,LAA,IF,32
Rob Brantly,TOR,IF,32
Bryan Lavastida,CLE,NA,31
Ben Lively,CIN,NA,30
Noah Denoyer,BAL,NA,30
Drew Rom,BAL,NA,30
Miguel Sánchez,,NA,30
Alex Claudio,MIL,P,30
Ryan Hendrix,ARI,NA,30
Brooks Kriske,KCR,NA,30
Norge Ruiz,OAK,NA,30
Jason Bilous,CLE,NA,30
Kyle Dowdy,BAL,NA,30
Jackson Tetreault,WSN,P,30
J.B. Bukauskas,SEA,P,30
Spencer Horwitz,TOR,IF,29
Payton Henry,MIL,NA,29
Otto Lopez,TOR,OF,29
Michael Papierski,DET,NA,29
Max Schrock,SDP,OF,29
Ben DeLuzio,CHC,NA,28
Walker Buehler,LAD,P,27
Victor Vodnik,ATL,NA,27
Jake Fishman,OAK,NA,27
Beau Sulser,,NA,27
Mick Abel,PHI,NA,27
Yoan López,,P,27
Austin Brice,ARI,P,27
Damon Jones,PHI,NA,27
Kenny Rosenberg,LAA,P,27
Nick Neidert,CHC,P,27
Cam Sanders,CHC,NA,27
Josh Rogers,COL,P,27
Vladimir Gutierrez,CIN,P,27
Alan Rangel,ATL,NA,27
Daniel Duarte,CIN,NA,27
Mark Appel,PHI,NA,27
Kodi Whitley,STL,NA,27
Brett Sullivan,SDP,NA,26
Buddy Kennedy,ARI,IF,26
Ceddanne Rafaela,BOS,IF,26
Heliot Ramos,SFG,OF,26
Tyler Beede,,P,24
Michael Kelly,CLE,P,24
Darren McCaughan,SEA,NA,24
Phillip Diehl,CLE,NA,24
Reed Garrett,BAL,NA,24
Jesus Cruz,PHI,NA,24
Randy Dobnak,MIN,P,24
Bryan Hoeing,MIA,NA,24
Karl Kauffmann,COL,NA,21
Nick Snyder,TEX,NA,21
Davis Daniel,LAA,NA,21
Taylor Dollard,SEA,NA,18
Drew Strotman,SFG,NA,18
Devin Smeltzer,MIA,P,18