"","name","team","position","points"
"1","Aaron Judge","NYY","OF",17.3041232932325
"2","Yordan Alvarez","HOU","OF",15.8398501363754
"3","Vladimir Guerrero Jr.","TOR","1B",14.2761654957291
"4","Mike Trout","LAA","OF",14.1858108627307
"5","Juan Soto","SDP","OF",14.1701337521494
"6","Freddie Freeman","LAD","1B",13.4754764880838
"7","Pete Alonso","NYM","1B",12.7481834742036
"8","Paul Goldschmidt","STL","1B",11.878438360843
"9","Austin Riley","ATL","3B",11.25277601873
"10","Rafael Devers","BOS","3B",11.0938793557791
"11","Kyle Tucker","HOU","OF",11.0714009609153
"12","José Ramírez","CLE","3B",11.0365429531069
"13","Mookie Betts","LAD","OF",10.9117548744951
"14","Manny Machado","SDP","3B",10.6817154038031
"15","Shohei Ohtani","LAA","DH",18.1567055623273
"16","Fernando Tatis Jr.","SDP","SS",10.0923604362654
"17","Ronald Acuña Jr.","ATL","OF",9.71806187684958
"18","Matt Olson","ATL","1B",9.59651648651615
"19","Julio Rodríguez","SEA","OF",9.5419783313246
"20","Corey Seager","TEX","SS",9.2985386458199
"21","Bo Bichette","TOR","SS",9.22430086816651
"22","Trea Turner","PHI","SS",9.03802795796286
"23","Kyle Schwarber","PHI","OF",8.43392557752897
"24","Nolan Arenado","STL","3B",8.33322668055238
"25","Jose Altuve","HOU","2B",8.16083452162259
"26","Eloy Jiménez","CHW","OF",7.41361864264409
"27","Bryan Reynolds","PIT","OF",7.36449888582663
"28","Vinnie Pasquantino","KCR","1B",7.01260544099212
"29","Alex Bregman","HOU","3B",6.94846743514198
"30","José Abreu","HOU","1B",6.86605781971327
"31","George Springer","TOR","OF",6.67069235477171
"32","Teoscar Hernández","SEA","OF",6.42682229607498
"33","Carlos Correa","MIN","SS",6.28502801636883
"34","Michael Harris II","ATL","OF",6.21467271503989
"35","Nathaniel Lowe","TEX","1B",6.12710315621001
"36","Rhys Hoskins","PHI","1B",5.90788932807697
"37","Xander Bogaerts","SDP","SS",5.8007408754621
"38","Taylor Ward","LAA","OF",5.69714211248527
"39","C.J. Cron","COL","1B",5.66537529115526
"40","Will Smith","LAD","C",5.57251724354965
"41","Luis Robert Jr.","CHW","OF",5.56916707008356
"42","Marcus Semien","TEX","2B",5.41318638182549
"43","Bobby Witt Jr.","KCR","SS",5.34122711190595
"44","Byron Buxton","MIN","OF",5.32316188366817
"45","Willy Adames","MIL","SS",5.32315433742128
"46","Francisco Lindor","NYM","SS",5.30396435959905
"47","Christian Walker","ARI","1B",5.23717807892247
"48","Josh Bell","CLE","1B",5.02518440102144
"49","Rowdy Tellez","MIL","1B",4.95852797021362
"50","Wander Franco","TBR","SS",4.91886629788825
"51","Ozzie Albies","ATL","2B",4.79252170147236
"52","Max Muncy","LAD","2B",4.76591263604674
"53","Anthony Santander","BAL","OF",4.74640708533305
"54","Salvador Perez","KCR","C",4.73281964979506
"55","Kris Bryant","COL","OF",4.49763369161472
"56","Giancarlo Stanton","NYY","OF",4.40803705459616
"57","Ty France","SEA","1B",4.38867754249046
"58","Dansby Swanson","CHC","SS",4.36908825268078
"59","Nick Castellanos","PHI","OF",4.35113632197768
"60","Brandon Nimmo","NYM","OF",4.33258674978166
"61","Ryan Mountcastle","BAL","1B",4.21492821922766
"62","Masataka Yoshida","BOS","OF",4.13217772564623
"63","Tyler O'Neill","STL","OF",4.13041412791538
"64","Randy Arozarena","TBR","OF",4.01073057210152
"65","J.T. Realmuto","PHI","C",3.99603932679419
"66","Seiya Suzuki","CHC","OF",3.94535102654027
"67","Anthony Rizzo","NYY","1B",3.90233797126347
"68","Jorge Polanco","MIN","2B",3.88037280726406
"69","J.D. Martinez","LAD","DH",3.81242650670279
"70","Mitch Haniger","SFG","OF",3.72718751161743
"71","Oneil Cruz","PIT","SS",3.60404019996468
"72","Yandy Díaz","TBR","3B",3.56526135646776
"73","Willson Contreras","STL","C",3.4928651877577
"74","Hunter Renfroe","LAA","OF",3.46821233271305
"75","Alex Verdugo","BOS","OF",3.40600481269594
"76","Matt Chapman","TOR","3B",3.39499587484789
"77","Josh Naylor","CLE","1B",3.32987201639862
"78","Andrew Vaughn","CHW","OF",3.28670455149514
"79","Gleyber Torres","NYY","2B",3.25166092070732
"80","Alejandro Kirk","TOR","C",3.11135494634863
"81","Jazz Chisholm Jr.","MIA","2B",3.09217320271881
"82","Ketel Marte","ARI","2B",3.09064269780403
"83","Tim Anderson","CHW","SS",3.06669312136851
"84","Alec Bohm","PHI","3B",3.05090379089821
"85","Gunnar Henderson","BAL","3B",2.86338542624683
"86","Luis Arraez","MIA","2B",2.79138053250115
"87","Ian Happ","CHC","OF",2.7869790283652
"88","Andrés Giménez","CLE","2B",2.75992782519664
"89","Brandon Lowe","TBR","2B",2.75680991676513
"90","Brendan Rodgers","COL","2B",2.72377584573724
"91","Adley Rutschman","BAL","C",2.68780711838621
"92","Jeff McNeil","NYM","2B",2.68399235790314
"93","Christian Yelich","MIL","OF",2.64081017100921
"94","Ryan McMahon","COL","3B",2.60982833424834
"95","Bryce Harper","PHI","DH",2.59469878007141
"96","Jake Cronenworth","SDP","2B",2.58493155490638
"97","Joey Meneses","WSN","OF",2.45551831753118
"98","Sean Murphy","ATL","C",2.43803554575973
"99","Jose Miranda","MIN","3B",2.42617595088741
"100","Steven Kwan","CLE","OF",2.33879664749684
"101","Adolis García","TEX","OF",2.33031109369671
"102","Cedric Mullins","BAL","OF",2.28720606354834
"103","Starling Marte","NYM","OF",2.23943902523209
"104","Eugenio Suárez","SEA","3B",2.19768442323159
"105","Daulton Varsho","TOR","C",2.19010906836205
"106","Amed Rosario","CLE","SS",1.99563530306416
"107","Lourdes Gurriel Jr.","ARI","OF",1.98749853837027
"108","Randal Grichuk","COL","OF",1.94480916492984
"109","Oscar Gonzalez","CLE","OF",1.85798663904101
"110","Jesse Winker","MIL","OF",1.80160649249875
"111","Corbin Carroll","ARI","OF",1.79527859037198
"112","Joc Pederson","SFG","OF",1.61476813384267
"113","Jonathan India","CIN","2B",1.53040319591457
"114","Justin Turner","BOS","3B",1.47226022533626
"115","Jeremy Peña","HOU","SS",1.1877477586583
"116","Lars Nootbaar","STL","OF",1.15822724099668
"117","Anthony Rendon","LAA","3B",1.15077809208655
"118","Vaughn Grissom","ATL","2B",0.890152430780492
"119","William Contreras","MIL","C",0.866563250512755
"120","Javier Báez","DET","SS",0.864854765524489
"121","MJ Melendez","KCR","C",0.841241498799074
"122","Tommy Edman","STL","SS",0.82374984358166
"123","Luis Urías","MIL","SS",0.784776069328578
"124","Andrew Benintendi","CHW","OF",0.774090469607554
"125","Austin Hays","BAL","OF",0.66291961105771
"126","Tyler Stephenson","CIN","C",0.563031158684838
"127","Charlie Blackmon","COL","OF",0.542999703485309
"128","Nico Hoerner","CHC","SS",0.520495392522408
"129","Jake McCarthy","ARI","OF",0.386273775263842
"130","Ezequiel Tovar","COL","SS",0.327578106207023
"131","Wil Myers","CIN","OF",0.251961600927648
"132","Michael Conforto","SFG","OF",0.221363551156913
"133","Triston Casas","BOS","1B",0.153755420905086
"134","Brandon Drury","LAA","2B",0.121840219178899
"135","Thairo Estrada","SFG","SS",0.0191903408881834
"136","Jean Segura","MIA","2B",-0.0853521501466947
"137","Riley Greene","DET","OF",-0.112561301553075
"138","Mike Yastrzemski","SFG","OF",-0.441426810411159
"139","Yoán Moncada","CHW","3B",-0.488178113386055
"140","Jorge Soler","MIA","OF",-0.623019295068416
"141","Danny Jansen","TOR","C",-0.625143038132583
"142","Gavin Lux","LAD","2B",-0.646411583135484
"143","Ke'Bryan Hayes","PIT","3B",-0.655725789112865
"144","Garrett Cooper","MIA","1B",-0.735728435545039
"145","Michael Brantley","HOU","OF",-0.789440727613136
"146","Wilmer Flores","SFG","2B",-0.795553486482492
"147","Dylan Carlson","STL","OF",-0.815301959311412
"148","Luis García","WSN","SS",-0.86743094167576
"149","Seth Brown","OAK","OF",-0.929789478885911
"150","Bryan De La Cruz","MIA","OF",-1.05715651465626
"151","Ramón Laureano","OAK","OF",-1.11098810641003
"152","DJ LeMahieu","NYY","2B",-1.11388730749081
"153","Austin Meadows","DET","OF",-1.12106641371565
"154","Joey Votto","CIN","1B",-1.25781637970956
"155","Andrew McCutchen","PIT","OF",-1.29502835704151
"156","Jeimer Candelario","WSN","3B",-1.31926918506145
"157","Mark Canha","NYM","OF",-1.39337301625159
"158","Isaac Paredes","TBR","2B",-1.45009715531641
"159","Trey Mancini","CHC","OF",-1.4645176624333
"160","Enrique Hernández","BOS","OF",-1.46859039579515
"161","Harold Ramírez","TBR","OF",-1.53317895534827
"162","Harrison Bader","NYY","OF",-1.55318291619999
"163","Josh Jung","TEX","3B",-1.57527584854182
"164","Marcell Ozuna","ATL","OF",-1.59511976766094
"165","Miguel Vargas","LAD","1B",-1.66621655966287
"166","Tyrone Taylor","MIL","OF",-1.66989614268238
"167","Brendan Donovan","STL","2B",-1.67948541962648
"168","Cal Raleigh","SEA","C",-1.67968290882365
"169","Chris Taylor","LAD","2B",-1.73078998378239
"170","Jared Walsh","LAA","1B",-1.74663631564131
"171","Alex Kirilloff","MIN","OF",-1.76001925215894
"172","Max Kepler","MIN","OF",-1.77936051373767
"173","Avisaíl García","MIA","OF",-1.82857047205716
"174","Kerry Carpenter","DET","OF",-1.83729626823888
"175","Spencer Torkelson","DET","1B",-1.84340293161636
"176","Brandon Crawford","SFG","SS",-2.0326410213493
"177","Jake Fraley","CIN","OF",-2.05536379597222
"178","Whit Merrifield","TOR","2B",-2.09868510350219
"179","Trent Grisham","SDP","OF",-2.1326632302375
"180","Keibert Ruiz","WSN","C",-2.15592854343053
"181","Carlos Santana","PIT","1B",-2.1671442497715
"182","Eduardo Escobar","NYM","3B",-2.18322959474553
"183","Eric Hosmer","CHC","1B",-2.22017977851454
"184","Bryson Stott","PHI","SS",-2.26792677028538
"185","Travis d'Arnaud","ATL","C",-2.27058026371737
"186","Ji-Man Choi","PIT","1B",-2.27502819061547
"187","Gio Urshela","LAA","3B",-2.28780154149533
"188","Lane Thomas","WSN","OF",-2.33733213366245
"189","J.D. Davis","SFG","3B",-2.37757469678321
"190","Manuel Margot","TBR","OF",-2.42716557784289
"191","Kolten Wong","SEA","2B",-2.46766967784407
"192","Ha-Seong Kim","SDP","SS",-2.47596186970147
"193","Jonathan Schoop","DET","2B",-2.70350368357901
"194","Spencer Steer","CIN","3B",-2.72676309661462
"195","Cody Bellinger","CHC","OF",-2.78873567951515
"196","Josh Rojas","ARI","2B",-2.8960298306604
"197","AJ Pollock","SEA","OF",-2.90420254365099
"198","Ramón Urías","BAL","2B",-2.9152842659106
"199","Juan Yepez","STL","OF",-2.92465850030416
"200","Christopher Morel","CHC","2B",-2.95203353713431
"201","J.P. Crawford","SEA","SS",-2.9921944453888
"202","Josh Donaldson","NYY","3B",-2.99310801560193
"203","David Peralta","","OF",-2.999395187161
"204","Joey Gallo","MIN","OF",-3.01924461668558
"205","Brandon Belt","TOR","1B",-3.19323350389766
"206","Yonathan Daza","COL","OF",-3.19651085596671
"207","TJ Friedl","CIN","OF",-3.3889580831253
"208","Evan Longoria","ARI","3B",-3.40780389731431
"209","Jesús Aguilar","OAK","1B",-3.433462429384
"210","CJ Abrams","WSN","SS",-3.51549360066048
"211","Adam Duvall","BOS","OF",-3.52399485217706
"212","Nick Gordon","MIN","2B",-3.60109996494682
"213","Dominic Smith","WSN","1B",-3.62570108799063
"214","Luke Voit","","1B",-3.65593528230886
"215","Chas McCormick","HOU","OF",-3.71954747446459
"216","Edward Olivares","KCR","OF",-3.72824575865177
"217","Aledmys Díaz","OAK","2B",-3.72982055770024
"218","Luis Rengifo","LAA","2B",-3.76471826454711
"219","Trayce Thompson","LAD","OF",-3.97586905304464
"220","Nelson Cruz","SDP","DH",-4.14846437777621
"221","Matt Carpenter","SDP","DH",-4.16743197785033
"222","Joey Wendle","MIA","SS",-4.24674058938074
"223","Rodolfo Castro","PIT","2B",-4.25385126753687
"224","Shea Langeliers","OAK","DH",-4.25487355749491
"225","Jurickson Profar","","OF",-4.26178953522475
"226","Gabriel Moreno","ARI","C",-4.27606122265945
"227","Oscar Colas","CHW","OF",-4.29210712390872
"228","Michael Massey","KCR","2B",-4.29782553478216
"229","Elehuris Montero","COL","3B",-4.37748274363778
"230","Nolan Gorman","STL","2B",-4.43419013080752
"231","Corey Dickerson","WSN","OF",-4.48430969258862
"232","Kyle Stowers","BAL","OF",-4.57460103437581
"233","Mitch Garver","TEX","DH",-4.59990008218643
"234","José Iglesias","","SS",-4.6143174687683
"235","Brandon Marsh","PHI","OF",-4.62377302653811
"236","Santiago Espinal","TOR","2B",-4.62460742854629
"237","Christian Arroyo","BOS","2B",-4.64085446354374
"238","Gavin Sheets","CHW","OF",-4.67798077062299
"239","Adam Frazier","BAL","2B",-4.71764267483282
"240","Tony Kemp","OAK","2B",-4.72180009687784
"241","Daniel Vogelbach","NYM","DH",-4.73762364183275
"242","Drew Waters","KCR","OF",-4.73948094751017
"243","Elias Díaz","COL","C",-4.76822558137065
"244","LaMonte Wade Jr.","SFG","OF",-4.80990019441803
"245","Oswaldo Cabrera","NYY","OF",-4.86834838977147
"246","Elvis Andrus","","SS",-4.88010509143103
"247","James Outman","LAD","OF",-4.89020390054621
"248","Nolan Jones","COL","OF",-4.92171140705413
"249","Jordan Walker","STL","3B",-5.02721554526736
"250","Yuli Gurriel","","1B",-5.03445704872513
"251","Jack Suwinski","PIT","OF",-5.07214606875206
"252","Jonah Heim","TEX","C",-5.07823190798545
"253","Hunter Dozier","KCR","3B",-5.17907421340893
"254","Jonathan Aranda","TBR","2B",-5.19332142084421
"255","Jose Siri","TBR","OF",-5.25543573310789
"256","Garrett Mitchell","MIL","OF",-5.26381995551195
"257","Brian Anderson","MIL","3B",-5.27197922063138
"258","Emmanuel Rivera","ARI","3B",-5.35426543179429
"259","Logan O'Hoppe","LAA","C",-5.35822150002647
"260","Kyle Lewis","ARI","DH",-5.59214879807325
"261","Josh Harrison","PHI","2B",-5.63566823310347
"262","Yasmani Grandal","CHW","C",-5.65175765422836
"263","Matt Vierling","DET","OF",-5.67780789135729
"264","Leody Taveras","TEX","OF",-5.74985722555338
"265","Patrick Wisdom","CHC","3B",-5.7640646319801
"266","Miguel Rojas","LAD","SS",-5.78087585823558
"267","Eddie Rosario","ATL","OF",-5.80459519535112
"268","Kevin Newman","CIN","SS",-5.8302286818472
"269","Christian Vázquez","MIN","C",-5.84717974495751
"270","Nick Senzel","CIN","OF",-5.85613384274469
"271","Franmil Reyes","","DH",-5.8782886946861
"272","Tommy Pham","NYM","OF",-5.94452205989946
"273","Eric Haase","DET","C",-5.99525224921135
"274","David Villar","SFG","3B",-6.0470403293054
"275","Esteury Ruiz","OAK","OF",-6.29949401635857
"276","Joey Bart","SFG","C",-6.45707682115755
"277","Jarred Kelenic","SEA","OF",-6.48118946037713
"278","Myles Straw","CLE","OF",-6.56467883550059
"279","Kyle Isbel","KCR","OF",-6.6742924050028
"280","Kevin Kiermaier","TOR","OF",-6.73989870986651
"281","Gary Sanchez","","C",-6.7557028729629
"282","Josh H. Smith","TEX","3B",-6.83102433720803
"283","Robbie Grossman","","OF",-6.83344499995662
"284","Jace Peterson","OAK","3B",-6.94228573720559
"285","Michael A. Taylor","MIN","OF",-6.99121901894747
"286","Mike Zunino","CLE","C",-7.05991775616948
"287","Akil Baddoo","DET","OF",-7.15651754763659
"288","Brice Turang","MIL","SS",-7.25886853905516
"289","Carson Kelly","ARI","C",-7.26099287910384
"290","Aaron Hicks","NYY","OF",-7.34741635207698
"291","Brad Miller","TEX","3B",-7.42350173467009
"292","Jose Trevino","NYY","C",-7.60348711438388
"293","Victor Robles","WSN","OF",-7.70652037500688
"294","Adalberto Mondesi","BOS","SS",-7.84212511574324
"295","Nick Ahmed","ARI","SS",-8.19524447751432
"296","Jorge Mateo","BAL","SS",-8.26810017528763
"297","Nick Maton","DET","OF",-8.32037406546739
"298","Jacob Stallings","PIT","C",-8.70456420871557
"299","Nick Allen","OAK","SS",-9.64097369924429
"300","Martín Maldonado","HOU","C",-10.0493137546391
"301","Jacob deGrom","TEX","P",10.9763059929637
"302","Gerrit Cole","NYY","P",9.59880782267252
"303","Corbin Burnes","MIL","P",9.02832557991015
"304","Carlos Rodón","NYY","P",8.78043329186591
"305","Max Scherzer","NYM","P",8.76843949922866
"306","Shane McClanahan","TBR","P",8.26655382836123
"307","Aaron Nola","PHI","P",7.53393143663428
"308","Justin Verlander","NYM","P",7.45673689508457
"309","Shane Bieber","CLE","P",7.08228799395701
"310","Edwin Díaz","NYM","P",6.65350479972034
"311","Spencer Strider","ATL","P",6.62524078379929
"312","Sandy Alcantara","MIA","P",6.60598152676737
"313","Luis Castillo","SEA","P",6.59992428630626
"314","Tyler Glasnow","TBR","P",6.59042038638188
"315","Kevin Gausman","TOR","P",6.32542454909903
"316","Zack Wheeler","PHI","P",6.22644461947279
"317","Brandon Woodruff","MIL","P",6.00972788883497
"318","Robbie Ray","SEA","P",5.68774333387621
"319","Framber Valdez","HOU","P",5.65029066644321
"320","Yu Darvish","SDP","P",5.40724156656124
"321","Dylan Cease","CHW","P",5.34413446223005
"322","Clayton Kershaw","LAD","P",5.2286661154807
"323","Joe Musgrove","SDP","P",5.19490955521597
"324","Nick Lodolo","CIN","P",5.00486337912638
"325","Blake Snell","SDP","P",4.94060737038962
"326","Andrés Muñoz","SEA","P",4.88645183632841
"327","Max Fried","ATL","P",4.76964834013049
"328","Josh Hader","SDP","P",4.60321053286755
"329","Chris Sale","BOS","P",4.35499860208495
"330","Zac Gallen","ARI","P",4.3358296726458
"331","Emmanuel Clase","CLE","P",4.29957995768236
"332","Lance Lynn","CHW","P",4.2589027943389
"333","Alek Manoah","TOR","P",4.1959673493526
"334","Hunter Greene","CIN","P",4.01797802963661
"335","Logan Gilbert","SEA","P",3.98237463437461
"336","Andrew Heaney","TEX","P",3.86655306594349
"337","Julio Urías","LAD","P",3.7817676985943
"338","Alex Cobb","SFG","P",3.66572316766734
"339","Cristian Javier","HOU","P",3.64913568286498
"340","Jordan Montgomery","STL","P",3.6317626411221
"341","Triston McKenzie","CLE","P",3.57322121973907
"342","Pablo López","MIN","P",3.52732047004744
"343","Logan Webb","SFG","P",3.49164798089236
"344","Nestor Cortes","NYY","P",3.47752834426131
"345","Jhoan Duran","MIN","P",3.42817341531273
"346","Charlie Morton","ATL","P",3.40371994300004
"347","Luis Severino","NYY","P",3.34983509788666
"348","Ryan Helsley","STL","P",3.2403696657748
"349","Brady Singer","KCR","P",3.20104996451566
"350","George Kirby","SEA","P",2.97884764811914
"351","Jon Gray","TEX","P",2.93173281738258
"352","Pete Fairbanks","TBR","P",2.9034253057904
"353","Kodai Senga","NYM","P",2.83061134029705
"354","Drew Rasmussen","TBR","P",2.80513854748646
"355","Kyle Wright","ATL","P",2.73980683885405
"356","Ryan Pressly","HOU","P",2.65124184142841
"357","Patrick Sandoval","LAA","P",2.63574999614012
"358","Lucas Giolito","CHW","P",2.58497182365819
"359","Chris Bassitt","TOR","P",2.50809074974835
"360","Joe Ryan","MIN","P",2.50260638641139
"361","Miles Mikolas","STL","P",2.44239389271942
"362","Félix Bautista","BAL","P",2.39447234674927
"363","Raisel Iglesias","ATL","P",2.15417028560399
"364","Merrill Kelly","ARI","P",2.0465676165083
"365","Nathan Eovaldi","TEX","P",1.98421890068803
"366","Jeffrey Springs","TBR","P",1.87636101039701
"367","José Berríos","TOR","P",1.87135640863652
"368","Drew Rucinski","OAK","P",1.85008888839792
"369","Devin Williams","MIL","P",1.80374345247419
"370","Eduardo Rodriguez","DET","P",1.80361875063632
"371","Jordan Romano","TOR","P",1.7391253197114
"372","José Quintana","NYM","P",1.73119220020397
"373","Marcus Stroman","CHC","P",1.67006448445575
"374","Grayson Rodriguez","BAL","P",1.55905781220716
"375","Liam Hendriks","CHW","P",1.55181401563555
"376","Luis Garcia","HOU","P",1.51156789927827
"377","Jesús Luzardo","MIA","P",1.50764289167296
"378","Tyler Mahle","MIN","P",1.48365888630766
"379","Alex Wood","SFG","P",1.46949564739008
"380","Paul Sewald","SEA","P",1.40288073110735
"381","Dustin May","LAD","P",1.36580668080855
"382","Sean Manaea","SFG","P",1.3543724442297
"383","Jameson Taillon","CHC","P",1.2973154233999
"384","David Bednar","PIT","P",1.25291862035505
"385","Ranger Suárez","PHI","P",1.22741862376338
"386","Carlos Carrasco","NYM","P",1.21386819491109
"387","Tyler Anderson","LAA","P",1.21319611699508
"388","Martín Pérez","TEX","P",1.05862479783586
"389","Camilo Doval","SFG","P",1.02562137469343
"390","Frankie Montas","NYY","P",1.01553762751947
"391","Clay Holmes","NYY","P",0.982532440520615
"392","José Alvarado","PHI","P",0.950719189576156
"393","Steven Matz","STL","P",0.929025982134724
"394","Kenta Maeda","MIN","P",0.87039820971824
"395","Reid Detmers","LAA","P",0.852367166130077
"396","Ken Waldichuk","OAK","P",0.83085369147374
"397","Matthew Boyd","DET","P",0.779360028763916
"398","Lance McCullers Jr.","HOU","P",0.756540633542558
"399","Sonny Gray","MIN","P",0.701859275820115
"400","Zach Eflin","TBR","P",0.690439019730225
"401","A.J. Minter","ATL","P",0.605564126953551
"402","Trevor Rogers","MIA","P",0.590353017806419
"403","Freddy Peralta","MIL","P",0.58751947070214
"404","Justin Steele","CHC","P",0.413837350778203
"405","Jason Adam","TBR","P",0.368589228039532
"406","Kyle Gibson","BAL","P",0.305933037295376
"407","Aaron Ashby","MIL","P",0.297762611207069
"408","Garrett Whitlock","BOS","P",0.280638496251935
"409","JT Brubaker","PIT","P",0.189255908010085
"410","Taylor Rogers","SFG","P",0.173391160467768
"411","Jack Flaherty","STL","P",0.110649810301436
"412","Eric Lauer","MIL","P",0.0731423472722539
"413","Jalen Beeks","TBR","P",0.0610542839614937
"414","Kyle Bradish","BAL","P",-0.0200012986826393
"415","James Paxton","BOS","P",-0.0561757966141307
"416","Jorge López","MIN","P",-0.145619962919949
"417","Garrett Cleavinger","TBR","P",-0.145776054184112
"418","Ross Stripling","SFG","P",-0.152363283012896
"419","Adbert Alzolay","CHC","P",-0.172223110018662
"420","Caleb Thielbar","MIN","P",-0.181915645121228
"421","Aaron Civale","CLE","P",-0.237930359119161
"422","Brock Burke","TEX","P",-0.247469845931275
"423","Tony Gonsolin","LAD","P",-0.266172922914771
"424","Michael King","NYY","P",-0.268617878652095
"425","Evan Phillips","LAD","P",-0.313144670995067
"426","Roansy Contreras","PIT","P",-0.31393933503506
"427","Aaron Bummer","CHW","P",-0.316210472070375
"428","Michael Wacha","","P",-0.320233877720471
"429","Giovanny Gallegos","STL","P",-0.336528145227271
"430","Scott Barlow","KCR","P",-0.354808135973658
"431","Daniel Hudson","LAD","P",-0.356872912385285
"432","Hunter Brown","HOU","P",-0.368050374382245
"433","Spencer Turnbull","DET","P",-0.385441217111263
"434","Bryan Abreu","HOU","P",-0.404499778040679
"435","José Urquidy","HOU","P",-0.405301376653044
"436","DL Hall","BAL","P",-0.419989907808931
"437","Chris Martin","BOS","P",-0.46455486176227
"438","Matt Brash","SEA","P",-0.473774495862183
"439","Paul Blackburn","OAK","P",-0.478548043953357
"440","Reynaldo López","CHW","P",-0.491571723040056
"441","Nick Pivetta","BOS","P",-0.493187476944345
"442","Adam Wainwright","STL","P",-0.523379723319252
"443","Alex Vesia","LAD","P",-0.526258510995964
"444","Edward Cabrera","MIA","P",-0.527518802369902
"445","Cole Irvin","BAL","P",-0.542106345764855
"446","Trevor May","OAK","P",-0.546103820293325
"447","Kyle Finnegan","WSN","P",-0.563237196005178
"448","Sam Hentges","CLE","P",-0.589530194656722
"449","Patrick Corbin","WSN","P",-0.638278202886324
"450","Trevor Stephan","CLE","P",-0.639650569515838
"451","Collin McHugh","ATL","P",-0.691937083698754
"452","Kyle Muller","OAK","P",-0.712727951934505
"453","Matt Bush","MIL","P",-0.713451571604001
"454","Mitch Keller","PIT","P",-0.725929703848236
"455","Josiah Gray","WSN","P",-0.728746847038754
"456","Seth Lugo","SDP","P",-0.781219365451755
"457","Corey Kluber","BOS","P",-0.782611301129852
"458","Yusei Kikuchi","TOR","P",-0.804297485780866
"459","Joe Jiménez","ATL","P",-0.806091727566288
"460","Tylor Megill","NYM","P",-0.829416628274604
"461","Taijuan Walker","PHI","P",-0.838197235091083
"462","A.J. Puk","MIA","P",-0.87755624925577
"463","Alex Lange","DET","P",-0.893211701340812
"464","Robert Suarez","SDP","P",-0.894359579613817
"465","Kenley Jansen","BOS","P",-0.895964790568442
"466","Seranthony Domínguez","PHI","P",-0.928076824242777
"467","Cal Quantrill","CLE","P",-0.966892074305783
"468","José Leclerc","TEX","P",-1.01253737704445
"469","Brayan Bello","BOS","P",-1.01437078547082
"470","Tanner Scott","MIA","P",-1.02160223564393
"471","Joe Kelly","CHW","P",-1.02914918079415
"472","Germán Márquez","COL","P",-1.03386983877329
"473","Tanner Houck","BOS","P",-1.04331129576517
"474","Brusdar Graterol","LAD","P",-1.08466543106339
"475","Drew Smyly","CHC","P",-1.09852307397291
"476","Erik Swanson","TOR","P",-1.13635165789613
"477","Adrian Morejon","SDP","P",-1.1453293040822
"478","Diego Castillo","SEA","P",-1.14692307514792
"479","Tommy Kahnle","NYY","P",-1.15183922749223
"480","Kendall Graveman","CHW","P",-1.18653377108359
"481","Brandon Hughes","CHC","P",-1.21606169809654
"482","Jordan Hicks","STL","P",-1.26711583278472
"483","Jonathan Loáisiga","NYY","P",-1.26939008428738
"484","Héctor Neris","HOU","P",-1.27121098874687
"485","Mike Clevinger","CHW","P",-1.27636002243201
"486","Shintaro Fujinami","OAK",NA,-1.30344887851085
"487","James Karinchak","CLE","P",-1.32881350570413
"488","José Suarez","LAA","P",-1.34317922704669
"489","Nick Martinez","SDP","P",-1.34727459350997
"490","Hunter Harvey","WSN","P",-1.45517870995726
"491","Rafael Montero","HOU","P",-1.52964727929142
"492","Adam Ottavino","NYM","P",-1.53113028119214
"493","Shawn Armstrong","TBR","P",-1.54739273044887
"494","Brooks Raley","NYM","P",-1.54907495180605
"495","Marco Gonzales","SEA","P",-1.55222652558621
"496","Craig Kimbrel","PHI","P",-1.56820331556727
"497","Keegan Akin","BAL","P",-1.57512695136383
"498","Bailey Ober","MIN","P",-1.59859134008277
"499","JP Sears","OAK","P",-1.60093311036637
"500","Aroldis Chapman","KCR","P",-1.65887217144344
"501","Michael Kopech","CHW","P",-1.67693397620067
"502","Joe Mantiply","ARI","P",-1.67788843479732
"503","Gregory Soto","PHI","P",-1.77349839915261
"504","David Robertson","NYM","P",-1.77764040917982
"505","Braxton Garrett","MIA","P",-1.8167226733839
"506","Carlos Estévez","LAA","P",-1.84466867888866
"507","Alexis Díaz","CIN","P",-1.84713509124575
"508","Johnny Cueto","MIA","P",-1.86467502169168
"509","John Schreiber","BOS","P",-1.8761737411992
"510","Bryan Baker","BAL","P",-1.88407491223044
"511","Tarik Skubal","DET","P",-1.89432737357678
"512","Dean Kremer","BAL","P",-1.89644038189645
"513","MacKenzie Gore","WSN","P",-1.91239199786354
"514","Andrew Chafin","","P",-1.92873196110963
"515","Bailey Falter","PHI","P",-1.97472399789547
"516","Cionel Pérez","BAL","P",-1.99229441733706
"517","Emilio Pagán","MIN","P",-2.02822483670224
"518","Wandy Peralta","NYY","P",-2.05922532997371
"519","Jakob Junis","SFG","P",-2.15284211306423
"520","Zach Jackson","OAK","P",-2.19121081283246
"521","Andrew Bellatti","PHI",NA,-2.19327809066702
"522","Michael Lorenzen","DET","P",-2.20688946680083
"523","Anthony DeSclafani","SFG","P",-2.22619108208978
"524","Graham Ashcraft","CIN","P",-2.23793369945023
"525","Jake Odorizzi","TEX","P",-2.2480324742411
"526","Eli Morgan","CLE","P",-2.27197075219189
"527","Colin Poche","TBR","P",-2.28576652294559
"528","Cade Cavalli","WSN","P",-2.30406790841235
"529","Tyler Wells","BAL","P",-2.33555451403035
"530","Griffin Jax","MIN","P",-2.35102119492784
"531","Yimi Garcia","TOR","P",-2.39648982687037
"532","Kevin Ginkel","ARI","P",-2.41512933171092
"533","Daniel Bard","COL","P",-2.41629614237042
"534","Domingo Acevedo","OAK","P",-2.43144920332562
"535","Noah Syndergaard","LAD","P",-2.49239668848181
"536","Penn Murfee","SEA","P",-2.4976711561889
"537","Dylan Coleman","KCR","P",-2.50792294182792
"538","Zach Plesac","CLE","P",-2.5127112465629
"539","Caleb Ferguson","LAD","P",-2.5993891929064
"540","Steven Okert","MIA","P",-2.66044814594988
"541","Anthony Bass","TOR","P",-2.68243402431583
"542","Drew Smith","NYM",NA,-2.73511144933884
"543","Jake Diekman","CHW","P",-2.75451334434433
"544","Dylan Floro","MIA","P",-2.77717097834698
"545","Hoby Milner","MIL",NA,-2.79745403251446
"546","Dillon Tate","BAL","P",-2.80885386844274
"547","Domingo Germán","NYY","P",-2.81316603377954
"548","James Kaprielian","OAK","P",-2.88716258536775
"549","Peter Strzelecki","MIL","P",-2.88853783827174
"550","Michael Soroka","ATL","P",-2.90322522413388
"551","Matt Manning","DET","P",-2.95091804199791
"552","Jordan Lyles","KCR","P",-3.03187050021001
"553","Matt Barnes","MIA","P",-3.05977072459257
"554","Chris Flexen","SEA","P",-3.06058592343817
"555","Ryne Stanek","HOU","P",-3.07583868428495
"556","Steven Wilson","SDP","P",-3.08800371081105
"557","Rich Hill","PIT","P",-3.09018810130698
"558","Lou Trivino","NYY","P",-3.11726341623919
"559","Robert Stephenson","PIT","P",-3.13204147625947
"560","Andrew Painter","PHI","P",-3.13918232877111
"561","Andre Pallante","STL","P",-3.15534111273782
"562","Zack Greinke","KCR","P",-3.20510283580456
"563","Taylor Clarke","KCR","P",-3.25879892599524
"564","John Brebbia","SFG","P",-3.26425857893237
"565","Sam Moll","OAK",NA,-3.26479351547809
"566","Joely Rodríguez","BOS","P",-3.29909555278691
"567","Luis Ortiz","PIT","P",-3.3224363737232
"568","Madison Bumgarner","ARI","P",-3.34286876855106
"569","Jonathan Hernández","TEX","P",-3.35470066928275
"570","Dany Jiménez","OAK","P",-3.36349864478129
"571","Jason Foley","DET","P",-3.39243279066667
"572","Ryne Nelson","ARI","P",-3.41994005486163
"573","Jimmy Herget","LAA","P",-3.4415348214691
"574","Lucas Sims","CIN","P",-3.51477425408539
"575","Michael Fulmer","","P",-3.5221725972684
"576","Mike Minor","","P",-3.54731549890154
"577","Ryan Tepera","LAA","P",-3.55504014206354
"578","Mychal Givens","BAL","P",-3.59043890874686
"579","Wade Miley","MIL","P",-3.60080507208239
"580","Reiver Sanmartin","CIN","P",-3.62901542744964
"581","Luke Weaver","CIN","P",-3.63386298689546
"582","Kyle Hendricks","CHC","P",-3.66379313175267
"583","Keegan Thompson","CHC","P",-3.68433231096293
"584","Miguel Castro","ARI","P",-3.79919019195166
"585","Aaron Loup","LAA","P",-3.86682005727732
"586","Carl Edwards Jr.","WSN","P",-4.02975732863273
"587","Daniel Lynch","KCR","P",-4.07172266367603
"588","Vince Velasquez","PIT","P",-4.14444980749588
"589","Trevor Williams","WSN","P",-4.19363260743413
"590","José Cisnero","DET","P",-4.3506786427518
"591","Dylan Bundy","","P",-4.40465764938063
"592","Brad Boxberger","CHC","P",-4.49627445287014
"593","Kyle Freeland","COL","P",-4.4992049084254
"594","Wil Crowe","PIT","P",-4.59242512916946
"595","Ryan Yarbrough","KCR","P",-4.81087644187076
"596","Chase De Jong","PIT","P",-5.08387066210777
"597","Zach Davies","ARI","P",-5.45439245873167
"598","Antonio Senzatela","COL","P",-6.42927868215948
