"Name","teamName","slotName","projectedPoints"
"Aaron Judge","New York Yankees","OF",11.6
"Mike Trout","Los Angeles Angels","OF",10.6
"Ronald Acuña Jr.","Atlanta Braves","OF",11.5
"Trea Turner","Philadelphia Phillies","IF",10.6
"Juan Soto","San Diego Padres","OF",10.9
"Freddie Freeman","Los Angeles Dodgers","IF",10.9
"Shohei Ohtani","Los Angeles Angels","OF",9
"Jacob deGrom","Texas Rangers","P",14.4
"Gerrit Cole","New York Yankees","P",13.3
"Julio Rodríguez","Seattle Mariners","OF",10.1
"Yordan Alvarez","Houston Astros","OF",10.5
"Max Scherzer","New York Mets","P",12.7
"Austin Riley","Atlanta Braves","IF",10.1
"José Ramírez","Cleveland Guardians","IF",10.4
"Rafael Devers","Boston Red Sox","IF",10.3
"Mookie Betts","Los Angeles Dodgers","OF",10.5
"Vladimir Guerrero Jr.","Toronto Blue Jays","IF",9.2
"Corbin Carroll","Arizona Diamondbacks","OF",9.4
"Manny Machado","San Diego Padres","IF",10
"Byron Buxton","Minnesota Twins","OF",10
"Corbin Burnes","Milwaukee Brewers","P",13.5
"Cedric Mullins","Baltimore Orioles","OF",10
"Randy Arozarena","Tampa Bay Rays","OF",10.4
"Matt Olson","Atlanta Braves","IF",8.8
"Christian Walker","Arizona Diamondbacks","IF",8.5
"Shane McClanahan","Tampa Bay Rays","P",12.6
"Bobby Witt Jr.","Kansas City Royals","IF",9.3
"Pete Alonso","New York Mets","IF",9
"Paul Goldschmidt","St. Louis Cardinals","IF",9.9
"Kyle Schwarber","Philadelphia Phillies","OF",10.3
"Adley Rutschman","Baltimore Orioles","IF",10.5
"Ozzie Albies","Atlanta Braves","IF",10
"Anthony Santander","Baltimore Orioles","OF",8.5
"Kyle Tucker","Houston Astros","OF",9.8
"Ryan Mountcastle","Baltimore Orioles","IF",8.3
"Oneil Cruz","Pittsburgh Pirates","IF",10.4
"Sean Murphy","Atlanta Braves","IF",8
"Bo Bichette","Toronto Blue Jays","IF",9
"Conner Capel","Oakland Athletics","OF",10.8
"Michael Harris II","Atlanta Braves","OF",8.2
"Corey Seager","Texas Rangers","IF",9.6
"Taylor Ward","Los Angeles Angels","OF",8.7
"George Springer","Toronto Blue Jays","OF",9.6
"Bryan Reynolds","Pittsburgh Pirates","OF",9.4
"Alex Bregman","Houston Astros","IF",8.6
"Shane Bieber","Cleveland Guardians","P",12.6
"Carlos Correa","Minnesota Twins","IF",8.6
"Xander Bogaerts","San Diego Padres","IF",8.7
"Aaron Nola","Philadelphia Phillies","P",12.4
"Christian Yelich","Milwaukee Brewers","OF",9.1
"Anthony Rendon","Los Angeles Angels","IF",8.4
"Hunter Renfroe","Los Angeles Angels","OF",9.1
"Fernando Tatis Jr.","San Diego Padres","IF",0
"Luis Robert Jr.","Chicago White Sox","OF",10.2
"Max Fried","Atlanta Braves","P",11.5
"Sandy Alcantara","Miami Marlins","P",10.4
"Nolan Arenado","St. Louis Cardinals","IF",8.7
"Gunnar Henderson","Baltimore Orioles","IF",9.9
"Framber Valdez","Houston Astros","P",10.6
"Anthony Rizzo","New York Yankees","IF",9
"Steven Kwan","Cleveland Guardians","OF",8.7
"Kyle Gibson","Baltimore Orioles","P",8.8
"Masataka Yoshida","Boston Red Sox","OF",8.4
"Giancarlo Stanton","New York Yankees","OF",8.5
"Julio Urías","Los Angeles Dodgers","P",10.8
"J.T. Realmuto","Philadelphia Phillies","IF",9.6
"Hunter Greene","Cincinnati Reds","P",11.7
"Willy Adames","Milwaukee Brewers","IF",9.2
"José Abreu","Houston Astros","IF",8.3
"Francisco Lindor","New York Mets","IF",8.5
"Triston Casas","Boston Red Sox","IF",9.8
"Starling Marte","New York Mets","OF",9.6
"Dansby Swanson","Chicago Cubs","IF",8.8
"J.D. Martinez","Los Angeles Dodgers","OF",8.1
"Will Smith","Los Angeles Dodgers","IF",9.5
"Amed Rosario","Cleveland Guardians","IF",7.3
"Marcell Ozuna","Atlanta Braves","OF",8.5
"Bubba Thompson","Texas Rangers","OF",7.1
"Lars Nootbaar","St. Louis Cardinals","OF",9.1
"Wander Franco","Tampa Bay Rays","IF",10.1
"Jonathan India","Cincinnati Reds","IF",8.7
"Jake Fraley","Cincinnati Reds","OF",9.3
"Ketel Marte","Arizona Diamondbacks","IF",9.1
"Blake Snell","San Diego Padres","P",10.9
"Jake Cronenworth","San Diego Padres","IF",8.3
"Trent Grisham","San Diego Padres","OF",8.4
"C.J. Cron","Colorado Rockies","IF",9
"Justin Turner","Boston Red Sox","IF",8.8
"Daulton Varsho","Toronto Blue Jays","OF",8.2
"Ian Happ","Chicago Cubs","OF",8.7
"Adolis García","Texas Rangers","OF",8.3
"Max Muncy","Los Angeles Dodgers","IF",8.6
"Jazz Chisholm Jr.","Miami Marlins","OF",9.8
"Miles Mikolas","St. Louis Cardinals","P",8.6
"Tim Anderson","Chicago White Sox","IF",9.8
"Kris Bryant","Colorado Rockies","OF",9.5
"DJ LeMahieu","New York Yankees","IF",8.4
"Brendan Donovan","St. Louis Cardinals","IF",8.7
"Rowdy Tellez","Milwaukee Brewers","IF",8.6
"Luis Castillo","Seattle Mariners","P",9.9
"Joc Pederson","San Francisco Giants","OF",9.1
"Jeremy Peña","Houston Astros","IF",7.9
"Zac Gallen","Arizona Diamondbacks","P",11
"Marcus Semien","Texas Rangers","IF",8.8
"Eugenio Suárez","Seattle Mariners","IF",8.4
"Patrick Wisdom","Chicago Cubs","IF",8.1
"Miguel Vargas","Los Angeles Dodgers","IF",8.8
"Travis d'Arnaud","Atlanta Braves","IF",8.8
"Pablo López","Minnesota Twins","P",10.6
"MJ Melendez","Kansas City Royals","IF",9.2
"Joey Votto","Cincinnati Reds","IF",9
"Brandon Nimmo","New York Mets","OF",9
"Salvador Perez","Kansas City Royals","IF",8.9
"TJ Friedl","Cincinnati Reds","OF",8.8
"Darick Hall","Philadelphia Phillies","IF",8.6
"Riley Greene","Detroit Tigers","OF",8
"Mitch Keller","Pittsburgh Pirates","P",7.9
"Joey Gallo","Minnesota Twins","OF",7.9
"Cody Bellinger","Chicago Cubs","OF",7.8
"Teoscar Hernández","Seattle Mariners","OF",9
"Brandon Belt","Toronto Blue Jays","IF",8.9
"Alex Verdugo","Boston Red Sox","OF",8.9
"Brandon Drury","Los Angeles Angels","IF",8.4
"Christopher Morel","Chicago Cubs","IF",8.2
"Alek Manoah","Toronto Blue Jays","P",10
"Javier Báez","Detroit Tigers","IF",8.7
"Jake McCarthy","Arizona Diamondbacks","OF",8.5
"Nathaniel Lowe","Texas Rangers","IF",8.5
"Tyler Stephenson","Cincinnati Reds","IF",9
"Josh Bell","Cleveland Guardians","IF",7.9
"Dylan Cease","Chicago White Sox","P",10.4
"Marcus Stroman","Chicago Cubs","P",9.5
"Andrew Vaughn","Chicago White Sox","IF",9.5
"Logan Webb","San Francisco Giants","P",9.3
"Evan Longoria","Arizona Diamondbacks","IF",9.2
"Corey Kluber","Boston Red Sox","P",9.2
"Yandy Díaz","Tampa Bay Rays","IF",9
"Kolten Wong","Seattle Mariners","IF",9
"Michael Conforto","San Francisco Giants","OF",8.9
"Jarred Kelenic","Seattle Mariners","OF",8.9
"LaMonte Wade Jr.","San Francisco Giants","IF",8.8
"Tyler O'Neill","St. Louis Cardinals","OF",8.8
"Esteury Ruiz","Oakland Athletics","OF",8.8
"Lane Thomas","Washington Nationals","OF",8.7
"Joey Meneses","Washington Nationals","OF",8.6
"Nico Hoerner","Chicago Cubs","IF",8.6
"Eloy Jiménez","Chicago White Sox","OF",8.6
"Seth Brown","Oakland Athletics","IF",8.6
"Jace Peterson","Oakland Athletics","IF",8.5
"Wil Myers","Cincinnati Reds","IF",8.5
"Matt Carpenter","San Diego Padres","OF",8.5
"Jesse Winker","Milwaukee Brewers","OF",8.5
"Nick Castellanos","Philadelphia Phillies","OF",8.5
"Jack Suwinski","Pittsburgh Pirates","OF",8.5
"Lourdes Gurriel Jr.","Arizona Diamondbacks","OF",8.5
"Ji-Man Choi","Pittsburgh Pirates","IF",8.4
"Adam Duvall","Boston Red Sox","OF",8.4
"Brandon Crawford","San Francisco Giants","IF",8.4
"Mike Yastrzemski","San Francisco Giants","OF",8.4
"Vinnie Pasquantino","Kansas City Royals","IF",8.3
"Luis Arraez","Miami Marlins","IF",8.3
"Daniel Vogelbach","New York Mets","OF",8.3
"Willson Contreras","St. Louis Cardinals","IF",8.3
"Andrew McCutchen","Pittsburgh Pirates","OF",8.3
"Kyle Stowers","Baltimore Orioles","OF",8.3
"Thairo Estrada","San Francisco Giants","IF",8.3
"Eduardo Rodriguez","Detroit Tigers","P",8.3
"Chas McCormick","Houston Astros","OF",8.2
"William Contreras","Milwaukee Brewers","IF",8.2
"Oswaldo Cabrera","New York Yankees","OF",8.2
"Cal Raleigh","Seattle Mariners","IF",8.2
"Jordan Walker","St. Louis Cardinals","OF",8.2
"Garrett Mitchell","Milwaukee Brewers","OF",8.2
"Eric Haase","Detroit Tigers","IF",8.1
"Andrés Giménez","Cleveland Guardians","IF",8.1
"Brandon Lowe","Tampa Bay Rays","IF",8.1
"Manuel Margot","Tampa Bay Rays","OF",8.1
"Ty France","Seattle Mariners","IF",8.1
"Zack Greinke","Kansas City Royals","P",8.1
"Max Kepler","Minnesota Twins","OF",8.1
"Mark Canha","New York Mets","OF",8
"Nick Gordon","Minnesota Twins","IF",8
"Kyle Lewis","Arizona Diamondbacks","OF",8
"Germán Márquez","Colorado Rockies","P",8
"Eric Hosmer","Chicago Cubs","IF",8
"Josh Jung","Texas Rangers","IF",8
"Yasmani Grandal","Chicago White Sox","IF",7.9
"Isaac Paredes","Tampa Bay Rays","IF",7.9
"Garrett Cooper","Miami Marlins","IF",7.9
"Ramón Laureano","Oakland Athletics","OF",7.9
"Matt Chapman","Toronto Blue Jays","IF",7.9
"Jeff McNeil","New York Mets","IF",7.9
"Tony Kemp","Oakland Athletics","IF",7.9
"Alejandro Kirk","Toronto Blue Jays","IF",7.9
"AJ Pollock","Seattle Mariners","OF",7.8
"Josh Naylor","Cleveland Guardians","IF",7.8
"David Peralta","Los Angeles Dodgers","OF",7.8
"Austin Hays","Baltimore Orioles","OF",7.8
"Jorge Soler","Miami Marlins","OF",7.8
"Jose Miranda","Minnesota Twins","IF",7.7
"Gleyber Torres","New York Yankees","IF",7.7
"Christian Arroyo","Boston Red Sox","IF",7.7
"Nolan Gorman","St. Louis Cardinals","IF",7.7
"Luis Urías","Milwaukee Brewers","IF",7.7
"Jorge Mateo","Baltimore Orioles","IF",7.7
"David Villar","San Francisco Giants","IF",7.7
"Jean Segura","Miami Marlins","IF",7.7
"Jurickson Profar","Colorado Rockies","OF",7.7
"Harold Ramírez","Tampa Bay Rays","IF",7.7
"Nick Maton","Detroit Tigers","IF",7.7
"Yonathan Daza","Colorado Rockies","OF",7.7
"Ke'Bryan Hayes","Pittsburgh Pirates","IF",7.7
"Jeimer Candelario","Washington Nationals","IF",7.6
"Carlos Santana","Pittsburgh Pirates","IF",7.6
"Brad Miller","Texas Rangers","IF",7.6
"David Hensley","Houston Astros","IF",7.6
"Charlie Blackmon","Colorado Rockies","OF",7.6
"Kyle Isbel","Kansas City Royals","OF",7.6
"Robbie Grossman","Texas Rangers","OF",7.6
"Jesús Aguilar","Oakland Athletics","OF",7.6
"Trey Mancini","Chicago Cubs","OF",7.5
"Aaron Hicks","New York Yankees","OF",7.5
"Will Benson","Cincinnati Reds","OF",7.5
"Shea Langeliers","Oakland Athletics","IF",7.5
"Elias Díaz","Colorado Rockies","IF",7.4
"Elehuris Montero","Colorado Rockies","IF",7.4
"Kyle Muller","Oakland Athletics","P",7.4
"Gio Urshela","Los Angeles Angels","IF",7.4
"Whit Merrifield","Toronto Blue Jays","IF",7.4
"Mike Zunino","Cleveland Guardians","IF",7.4
"Orlando Arcia","Atlanta Braves","IF",7.4
"Aledmys Díaz","Oakland Athletics","OF",7.4
"Oscar Gonzalez","Cleveland Guardians","OF",7.3
"Spencer Steer","Cincinnati Reds","IF",7.3
"Christian Vázquez","Minnesota Twins","IF",7.3
"Bryson Stott","Philadelphia Phillies","IF",7.3
"Yoán Moncada","Chicago White Sox","IF",7.3
"Joey Wendle","Miami Marlins","IF",7.3
"Adam Frazier","Baltimore Orioles","IF",7.2
"Kevin Kiermaier","Toronto Blue Jays","OF",7.2
"Ezequiel Tovar","Colorado Rockies","IF",7.2
"Edward Olivares","Kansas City Royals","OF",7.2
"Brian Anderson","Milwaukee Brewers","OF",7.2
"Miguel Cabrera","Detroit Tigers","OF",7.2
"Nick Ahmed","Arizona Diamondbacks","IF",7.2
"Brandon Marsh","Philadelphia Phillies","OF",7.2
"Alec Bohm","Philadelphia Phillies","IF",7.1
"Avisaíl García","Miami Marlins","OF",7.1
"Ha-Seong Kim","San Diego Padres","IF",7.1
"Alan Trejo","Colorado Rockies","IF",7.1
"Eduardo Escobar","New York Mets","IF",7.1
"Andrew Benintendi","Chicago White Sox","OF",7.1
"Tommy Edman","St. Louis Cardinals","IF",7
"Hunter Dozier","Kansas City Royals","IF",7
"Elvis Andrus","Chicago White Sox","IF",7
"Matt Vierling","Detroit Tigers","OF",7
"Rodolfo Castro","Pittsburgh Pirates","IF",7
"Austin Meadows","Detroit Tigers","OF",7
"Gabriel Moreno","Arizona Diamondbacks","IF",6.9
"Jonathan Schoop","Detroit Tigers","IF",6.9
"Spencer Torkelson","Detroit Tigers","IF",6.9
"Logan O'Hoppe","Los Angeles Angels","IF",6.9
"Austin Nola","San Diego Padres","IF",6.9
"Jose Siri","Tampa Bay Rays","OF",6.8
"Patrick Corbin","Washington Nationals","P",6.8
"Brice Turang","Milwaukee Brewers","IF",6.8
"Jake Cave","Philadelphia Phillies","OF",6.8
"Michael Massey","Kansas City Royals","IF",6.8
"Jonah Heim","Texas Rangers","IF",6.7
"Kyle Farmer","Minnesota Twins","IF",6.7
"J.P. Crawford","Seattle Mariners","IF",6.5
"Corey Dickerson","Washington Nationals","OF",6.5
"Kiké Hernández","Boston Red Sox","IF",6.5
"Francisco Mejía","Tampa Bay Rays","IF",6.5
"Ildemaro Vargas","Washington Nationals","IF",6.5
"Michael A. Taylor","Minnesota Twins","OF",6.5
"Victor Robles","Washington Nationals","OF",6.4
"Keibert Ruiz","Washington Nationals","IF",6.4
"Joey Bart","San Francisco Giants","IF",6.4
"Miguel Rojas","Los Angeles Dodgers","IF",6.3
"Jose Trevino","New York Yankees","IF",6.3
"Luis Rengifo","Los Angeles Angels","IF",6.3
"Myles Straw","Cleveland Guardians","OF",6.2
"J.J. Matijevic","Houston Astros","IF",6.1
"Omar Narváez","New York Mets","IF",6.1
"Reese McGuire","Boston Red Sox","IF",6
"Martín Maldonado","Houston Astros","IF",6
"Jacob Stallings","Miami Marlins","IF",5.9
"Kevin Newman","Cincinnati Reds","IF",5.7
"Tucker Barnhart","Chicago Cubs","IF",5.7
"Austin Hedges","Pittsburgh Pirates","IF",5.3
"CJ Abrams","Washington Nationals","IF",4.7
"Alex Call","Washington Nationals","OF",4.3
"Nate Eaton","Kansas City Royals","OF",3.8
"James Outman","Los Angeles Dodgers","OF",3.5
"Ji Hwan Bae","Pittsburgh Pirates","IF",3.3
"Gabriel Arias","Cleveland Guardians","IF",2.7
"Jared Walsh","Los Angeles Angels","IF",2.5
"Trayce Thompson","Los Angeles Dodgers","OF",2.5
"Josh Rojas","Arizona Diamondbacks","IF",2.5
"Chris Taylor","Los Angeles Dodgers","IF",2.5
"Josh Donaldson","New York Yankees","IF",2.5
"Ryan McMahon","Colorado Rockies","IF",2.4
"Eddie Rosario","Atlanta Braves","OF",2.4
"Connor Joe","Pittsburgh Pirates","OF",2.4
"Canaan Smith-Njigba","Pittsburgh Pirates","OF",2.3
"Tommy Pham","New York Mets","OF",2.3
"Jon Berti","Miami Marlins","OF",2.3
"Kerry Carpenter","Detroit Tigers","OF",2.3
"Ramón Urías","Baltimore Orioles","IF",2.3
"Ezequiel Duran","Texas Rangers","IF",2.3
"Wilmer Flores","San Francisco Giants","IF",2.3
"Dylan Carlson","St. Louis Cardinals","OF",2.2
"Mitch Garver","Texas Rangers","IF",2.2
"Nick Fortes","Miami Marlins","IF",2.2
"Cavan Biggio","Toronto Blue Jays","IF",2.2
"Danny Jansen","Toronto Blue Jays","IF",2.2
"Luis García","Washington Nationals","IF",2.2
"Mark Mathias","Pittsburgh Pirates","IF",2.2
"Nelson Cruz","San Diego Padres","OF",2.2
"Jake Rogers","Detroit Tigers","IF",2.2
"Jesús Sánchez","Miami Marlins","OF",2.2
"Luis Campusano","San Diego Padres","IF",2.2
"Dalton Guthrie","Philadelphia Phillies","IF",2.1
"Josh Harrison","Philadelphia Phillies","IF",2.1
"Jarren Duran","Boston Red Sox","OF",2.1
"Jake Burger","Chicago White Sox","IF",2.1
"Donovan Solano","Minnesota Twins","IF",2.1
"Tommy La Stella","Seattle Mariners","IF",2.1
"David Fletcher","Los Angeles Angels","IF",2.1
"Akil Baddoo","Detroit Tigers","OF",2.1
"Leody Taveras","Texas Rangers","OF",2
"Alec Burleson","St. Louis Cardinals","OF",2
"Alek Thomas","Arizona Diamondbacks","OF",2
"Josh Lowe","Tampa Bay Rays","OF",2
"Mike Moustakas","Colorado Rockies","OF",2
"Dominic Smith","Washington Nationals","IF",2
"J.D. Davis","San Francisco Giants","IF",2
"Michael Toglia","Colorado Rockies","OF",2
"Bobby Dalbec","Boston Red Sox","IF",2
"Max Stassi","Los Angeles Angels","IF",2
"Bryan De La Cruz","Miami Marlins","OF",2
"Yan Gomes","Chicago Cubs","IF",1.9
"Nick Madrigal","Chicago Cubs","IF",1.9
"Owen Miller","Milwaukee Brewers","IF",1.9
"Christian Bethancourt","Tampa Bay Rays","IF",1.9
"Austin Barnes","Los Angeles Dodgers","IF",1.9
"Seby Zavala","Chicago White Sox","IF",1.9
"Will Brennan","Cleveland Guardians","OF",1.9
"Isiah Kiner-Falefa","New York Yankees","IF",1.8
"Edwin Ríos","Chicago Cubs","IF",1.8
"Zach McKinstry","Chicago Cubs","IF",1.8
"Nicky Lopez","Kansas City Royals","IF",1.8
"Jake Meyers","Houston Astros","OF",1.8
"Brent Rooker","Oakland Athletics","OF",1.8
"Sam Hilliard","Atlanta Braves","OF",1.8
"Trevor Larnach","Minnesota Twins","OF",1.8
"Romy Gonzàlez","Chicago White Sox","IF",1.8
"Harold Castro","Colorado Rockies","IF",1.8
"Tom Murphy","Seattle Mariners","IF",1.8
"Rafael Marchán","Philadelphia Phillies","IF",1.8
"Rob Refsnyder","Boston Red Sox","OF",1.8
"Santiago Espinal","Toronto Blue Jays","IF",1.8
"James McCann","Baltimore Orioles","IF",1.7
"Ryan Jeffers","Minnesota Twins","IF",1.7
"Terrin Vavra","Baltimore Orioles","IF",1.7
"Curt Casali","Cincinnati Reds","IF",1.7
"Cooper Hummel","Seattle Mariners","OF",1.7
"Kyle Higashioka","New York Yankees","IF",1.7
"Garrett Hampson","Miami Marlins","OF",1.7
"Josh Smith","Texas Rangers","IF",1.7
"Taylor Walls","Tampa Bay Rays","IF",1.6
"Brian Serven","Colorado Rockies","IF",1.6
"Riley Adams","Washington Nationals","IF",1.6
"Yu Chang","Boston Red Sox","IF",1.6
"Sam Haggerty","Seattle Mariners","OF",1.6
"Roberto Pérez","San Francisco Giants","IF",1.6
"Edmundo Sosa","Philadelphia Phillies","IF",1.6
"Luke Maile","Cincinnati Reds","IF",1.5
"Ryan Kreidler","Detroit Tigers","IF",1.5
"Mike Brosseau","Milwaukee Brewers","IF",1.5
"Luis Guillorme","New York Mets","IF",1.5
"Brett Phillips","Los Angeles Angels","OF",1.5
"Bligh Madris","Houston Astros","OF",1.5
"Garrett Stubbs","Philadelphia Phillies","IF",1.5
"Matt Thaiss","Los Angeles Angels","IF",1.5
"Andrew Knizner","St. Louis Cardinals","IF",1.4
"Tomás Nido","New York Mets","IF",1.4
"Nick Allen","Oakland Athletics","IF",1.3
"Otto Lopez","Toronto Blue Jays","OF",1.3
"Mauricio Dubón","Houston Astros","OF",1.3
"Gavin Sheets","Chicago White Sox","OF",1.3
"Kevin Smith","Oakland Athletics","IF",1.3
"Connor Wong","Boston Red Sox","IF",1.3
"Geraldo Perdomo","Arizona Diamondbacks","IF",1.3
"Leury García","Chicago White Sox","IF",1.3
"Cam Gallagher","Cleveland Guardians","IF",1.3
"Miles Mastrobuoni","Chicago Cubs","IF",1.2
"Victor Caratini","Milwaukee Brewers","IF",1.2
"Yainer Diaz","Houston Astros","IF",1.2
"Luke Raley","Tampa Bay Rays","OF",1.2
"José Azocar","San Diego Padres","OF",1.1
"Jose Barrero","Cincinnati Reds","IF",1.1
"Meibrys Viloria","Cleveland Guardians","IF",1.1
"Rylan Bannon","Houston Astros","IF",1
"Korey Lee","Houston Astros","IF",1
"Estevan Florial","New York Yankees","OF",1
"Ryan McKenna","Baltimore Orioles","OF",1
"Devin Williams","Milwaukee Brewers","P",1
"Cristian Pache","Oakland Athletics","OF",0.9
"Jose Herrera","Arizona Diamondbacks","IF",0.9
"Jhoan Duran","Minnesota Twins","P",0.9
"Félix Bautista","Baltimore Orioles","P",0.8
"Alexis Díaz","Cincinnati Reds","P",0.8
"Scott Barlow","Kansas City Royals","P",0.8
"Dylan Lee","Atlanta Braves","P",0.8
"Kenley Jansen","Boston Red Sox","P",0.8
"Ron Marinaccio","New York Yankees","P",0.8
"Jason Adam","Tampa Bay Rays","P",0.8
"Craig Kimbrel","Philadelphia Phillies","P",0.8
"Pete Fairbanks","Tampa Bay Rays","P",0.8
"David Bednar","Pittsburgh Pirates","P",0.8
"Caleb Thielbar","Minnesota Twins","P",0.7
"A.J. Minter","Atlanta Braves","P",0.7
"Taylor Motter","St. Louis Cardinals","IF",0.7
"Keegan Thompson","Chicago Cubs","P",0.7
"Brad Boxberger","Chicago Cubs","P",0.7
"Drey Jameson","Arizona Diamondbacks","P",0.7
"Evan Phillips","Los Angeles Dodgers","P",0.7
"Jordan Romano","Toronto Blue Jays","P",0.7
"Dinelson Lamet","Colorado Rockies","P",0.7
"Ryan Pressly","Houston Astros","P",0.7
"Emmanuel Clase","Cleveland Guardians","P",0.7
"Héctor Neris","Houston Astros","P",0.7
"Adbert Alzolay","Chicago Cubs","P",0.7
"Adam Ottavino","New York Mets","P",0.7
"Gregory Soto","Philadelphia Phillies","P",0.7
"Collin McHugh","Atlanta Braves","P",0.7
"Brandon Hughes","Chicago Cubs","P",0.7
"Jorge López","Minnesota Twins","P",0.7
"Mychal Givens","Baltimore Orioles","P",0.7
"Camilo Doval","San Francisco Giants","P",0.7
"Ryan Helsley","St. Louis Cardinals","P",0.7
"Alex Lange","Detroit Tigers","P",0.7
"Kevin Kelly","Tampa Bay Rays","P",0.7
"Clay Holmes","New York Yankees","P",0.7
"Taylor Hearn","Texas Rangers","P",0.7
"Jose Hernandez","Pittsburgh Pirates","P",0.7
"Emilio Pagán","Minnesota Twins","P",0.6
"Michael Tonkin","Atlanta Braves","P",0.6
"Peter Strzelecki","Milwaukee Brewers","P",0.6
"Andrew Politi","Baltimore Orioles","P",0.6
"Giovanny Gallegos","St. Louis Cardinals","P",0.6
"Keegan Akin","Baltimore Orioles","P",0.6
"Gus Varland","Milwaukee Brewers","P",0.6
"Matt Bush","Milwaukee Brewers","P",0.6
"Austin Voth","Baltimore Orioles","P",0.6
"Michael King","New York Yankees","P",0.6
"Tanner Scott","Miami Marlins","P",0.6
"Phil Maton","Houston Astros","P",0.6
"Joe Jiménez","Atlanta Braves","P",0.6
"José Leclerc","Texas Rangers","P",0.6
"Ryne Stanek","Houston Astros","P",0.6
"Kyle Finnegan","Washington Nationals","P",0.6
"Ryan Tepera","Los Angeles Angels","P",0.6
"Jake Diekman","Chicago White Sox","P",0.6
"Colin Poche","Tampa Bay Rays","P",0.6
"Michael Fulmer","Chicago Cubs","P",0.6
"Taylor Rogers","San Francisco Giants","P",0.6
"Eli Morgan","Cleveland Guardians","P",0.6
"Matt Moore","Los Angeles Angels","P",0.6
"Chris Stratton","St. Louis Cardinals","P",0.6
"Will Smith","Texas Rangers","P",0.6
"Griffin Jax","Minnesota Twins","P",0.6
"Wil Crowe","Pittsburgh Pirates","P",0.6
"Tim Herrin","Cleveland Guardians","P",0.6
"Anthony Bass","Toronto Blue Jays","P",0.6
"Jay Groome","San Diego Padres","P",0.6
"Diego Castillo","Seattle Mariners","P",0.6
"Jonathan Loáisiga","New York Yankees","P",0.6
"Carlos Vargas","Arizona Diamondbacks","P",0.6
"Daniel Bard","Colorado Rockies","P",0.6
"Andrew Chafin","Arizona Diamondbacks","P",0.6
"Aaron Loup","Los Angeles Angels","P",0.6
"Wandy Peralta","New York Yankees","P",0.6
"Nabil Crismatt","San Diego Padres","P",0.6
"A.J. Puk","Miami Marlins","P",0.6
"Yimi García","Toronto Blue Jays","P",0.6
"Adrian Houser","Milwaukee Brewers","P",0.6
"Rafael Montero","Houston Astros","P",0.6
"Trevor Richards","Toronto Blue Jays","P",0.5
"Mason Englert","Detroit Tigers","P",0.5
"Brent Suter","Colorado Rockies","P",0.5
"Jeurys Familia","Oakland Athletics","P",0.5
"Nick Avila","Chicago White Sox","P",0.5
"Taylor Clarke","Kansas City Royals","P",0.5
"Carlos Estévez","Los Angeles Angels","P",0.5
"Kendall Graveman","Chicago White Sox","P",0.5
"Dylan Floro","Miami Marlins","P",0.5
"Duane Underwood Jr.","Pittsburgh Pirates","P",0.5
"Reynaldo López","Chicago White Sox","P",0.5
"Chase De Jong","Pittsburgh Pirates","P",0.5
"Jakob Junis","San Francisco Giants","P",0.5
"Adam Cimber","Toronto Blue Jays","P",0.5
"Tyler Alexander","Detroit Tigers","P",0.5
"Tyler Rogers","San Francisco Giants","P",0.5
"José Ruiz","Chicago White Sox","P",0.5
"Andre Pallante","St. Louis Cardinals","P",0.5
"Brusdar Graterol","Los Angeles Dodgers","P",0.5
"Erasmo Ramírez","Washington Nationals","P",0.5
"Brad Hand","Colorado Rockies","P",0.5
"Carlos Hernández","Kansas City Royals","P",0.5
"James Karinchak","Cleveland Guardians","P",0.5
"Dennis Santana","New York Mets","P",0.4
"Josh Hader","San Diego Padres","P",0.4
"Seranthony Domínguez","Philadelphia Phillies","P",0.4
"José Alvarado","Philadelphia Phillies","P",0.4
"Andrew Bellatti","Philadelphia Phillies","P",0.4
"Alex Vesia","Los Angeles Dodgers","P",0.4
"Aroldis Chapman","Kansas City Royals","P",0.3
"Trevor Stephan","Cleveland Guardians","P",0.3
"Andrés Muñoz","Seattle Mariners","P",0.3
"Chris Martin","Boston Red Sox","P",0.3
"Trevor May","Oakland Athletics","P",0.3
"Bryan Abreu","Houston Astros","P",0.3
"Lucas Luetge","Atlanta Braves","P",0.3
"Connor Brogdon","Philadelphia Phillies","P",0.3
"Paul Sewald","Seattle Mariners","P",0.2
"Jalen Beeks","Tampa Bay Rays","P",0.2
"Brock Burke","Texas Rangers","P",0.2
"Rowan Wick","Chicago Cubs","P",0.2
"Amir Garrett","Kansas City Royals","P",0.2
"Miguel Castro","Arizona Diamondbacks","P",0.2
"Cionel Pérez","Baltimore Orioles","P",0.2
"Pierce Johnson","Colorado Rockies","P",0.2
"Erik Swanson","Toronto Blue Jays","P",0.2
"Brooks Raley","New York Mets","P",0.2
"Enyel De Los Santos","Cleveland Guardians","P",0.2
"David Robertson","New York Mets","P",0.2
"Jimmy Herget","Los Angeles Angels","P",0.2
"Scott McGough","Arizona Diamondbacks","P",0.2
"John Schreiber","Boston Red Sox","P",0.2
"Dylan Coleman","Kansas City Royals","P",0.2
"Phil Bickford","Los Angeles Dodgers","P",0.2
"Matt Barnes","Miami Marlins","P",0.2
"Drew Smith","New York Mets","P",0.2
"Hoby Milner","Milwaukee Brewers","P",0.2
"Aaron Bummer","Chicago White Sox","P",0.2
"Nick Nelson","Philadelphia Phillies","P",0.2
"Nick Sandlin","Cleveland Guardians","P",0.2
"Ryan Thompson","Tampa Bay Rays","P",0.2
"Buck Farmer","Cincinnati Reds","P",0.2
"Tim Mayza","Toronto Blue Jays","P",0.2
"José Cisnero","Detroit Tigers","P",0.2
"Cole Sulser","Arizona Diamondbacks","P",0.2
"Zach Jackson","Oakland Athletics","P",0.2
"Luis García","San Diego Padres","P",0.2
"Bryan Baker","Baltimore Orioles","P",0.2
"Julian Merryweather","Chicago Cubs","P",0.2
"José Quijada","Los Angeles Angels","P",0.2
"Andrew Wantz","Los Angeles Angels","P",0.2
"Carl Edwards Jr.","Washington Nationals","P",0.2
"Ryan Brasier","Boston Red Sox","P",0.2
"Josh Sborz","Texas Rangers","P",0.2
"Jorge Alcala","Minnesota Twins","P",0.2
"Chris Flexen","Seattle Mariners","P",0.2
"Jovani Moran","Minnesota Twins","P",0.2
"Caleb Ferguson","Los Angeles Dodgers","P",0.1
"Ian Gibaut","Cincinnati Reds","P",0.1
"Domingo Acevedo","Oakland Athletics","P",0.1
"Jonathan Hernández","Texas Rangers","P",0.1
"Tim Hill","San Diego Padres","P",0.1
"Albert Abreu","New York Yankees","P",0.1
"Joe Kelly","Chicago White Sox","P",0.1
"Yency Almonte","Los Angeles Dodgers","P",0.1
"Penn Murfee","Seattle Mariners","P",0.1
"Richard Bleier","Boston Red Sox","P",0.1
"JT Chargois","Miami Marlins","P",0.1
"Michael Rucker","Chicago Cubs","P",0.1
"Joe Mantiply","Arizona Diamondbacks","P",0.1
"Sam Moll","Oakland Athletics","P",0.1
"Steven Wilson","San Diego Padres","P",0.1
"John Brebbia","San Francisco Giants","P",0.1
"Hunter Harvey","Washington Nationals","P",0.1
"Joey Krehbiel","Baltimore Orioles","P",0.1
"John Curtiss","New York Mets","P",0.1
"Joel Payamps","Milwaukee Brewers","P",0.1
"Garrett Cleavinger","Tampa Bay Rays","P",0.1
"Reiver Sanmartin","Cincinnati Reds","P",0.1
"Seth Martinez","Houston Astros","P",0.1
"Matt Festa","Seattle Mariners","P",0.1
"Javier Assad","Chicago Cubs","P",0.1
"Matt Brash","Seattle Mariners","P",0.1
"Joel Kuhnel","Cincinnati Reds","P",0.1
"Dany Jiménez","Oakland Athletics","P",0.1
"Jimmy Lambert","Chicago White Sox","P",0.1
"Huascar Brazoban","Miami Marlins","P",0.1
"Jordan Hicks","St. Louis Cardinals","P",0.1
"Josh Winckowski","Boston Red Sox","P",0.1
"Dauri Moreta","Pittsburgh Pirates","P",0.1
"Nick Anderson","Atlanta Braves","P",0.1
"Zach Pop","Toronto Blue Jays","P",0.1
"Colin Holderman","Pittsburgh Pirates","P",0.1
"John King","Texas Rangers","P",0.1
"Yunior Marte","Philadelphia Phillies","P",0.1
"Kevin Ginkel","Arizona Diamondbacks","P",0.1
"Brandon Bielak","Houston Astros","P",0.1
"Fernando Cruz","Cincinnati Reds","P",0.1
"Justin Lawrence","Colorado Rockies","P",0.1
"Zack Thompson","St. Louis Cardinals","P",0.1
"Stephen Nogosek","New York Mets","P",0
"Jason Foley","Detroit Tigers","P",0
"Mason Thompson","Washington Nationals","P",0
"Scott Alexander","San Francisco Giants","P",0
"Kaleb Ort","Boston Red Sox","P",0
"Cole Sands","Minnesota Twins","P",0
"Calvin Faucher","Tampa Bay Rays","P",0
"Trevor Gott","Seattle Mariners","P",0
"Zack Kelly","Boston Red Sox","P",0
"Yerry De Los Santos","Pittsburgh Pirates","P",0
"Andre Jackson","Los Angeles Dodgers","P",0
"Greg Weissert","New York Yankees","P",0
"Andrew Nardi","Miami Marlins","P",0
"Logan Gillaspie","Baltimore Orioles","P",0
"Shelby Miller","Los Angeles Dodgers","P",0
"Andrew Vasquez","Philadelphia Phillies","P",0
"Sean Hjelle","San Francisco Giants","P",0
"Drew VerHagen","St. Louis Cardinals","P",0
"Jimmy Cordero","New York Yankees","P",0
"Collin Snider","Kansas City Royals","P",0
"Mike Baumann","Baltimore Orioles","P",0
"Kirby Yates","Atlanta Braves","P",0
"Sam Hentges","Cleveland Guardians","P",0
"Kyle Hendricks","Chicago Cubs","P",0
"Bryce Harper","Philadelphia Phillies","OF",0
"Royce Lewis","Minnesota Twins","IF",0
"Noah Syndergaard","Los Angeles Dodgers","P",0
"Jhony Brito","New York Yankees","P",0
"Lucas Giolito","Chicago White Sox","P",0
"Sonny Gray","Minnesota Twins","P",0
"Justin Dunn","Cincinnati Reds","P",0
"Michael Plassmeyer","Philadelphia Phillies","P",0
"Nick Mears","Colorado Rockies","P",0
"Jonathan Stiever","Chicago White Sox","P",0
"Angel Zerpa","Kansas City Royals","P",0
"Graham Ashcraft","Cincinnati Reds","P",0
"Hyun Jin Ryu","Toronto Blue Jays","P",0
"Vladimir Gutierrez","Cincinnati Reds","P",0
"Shintaro Fujinami","Oakland Athletics","P",0
"Tarik Skubal","Detroit Tigers","P",0
"Jorge Polanco","Minnesota Twins","IF",0
"Randal Grichuk","Colorado Rockies","OF",0
"Trevor Megill","Minnesota Twins","P",0
"Mark Melancon","Arizona Diamondbacks","P",0
"Ryne Nelson","Arizona Diamondbacks","P",0
"Tyson Miller","Milwaukee Brewers","P",0
"Tanner Houck","Boston Red Sox","P",0
"Reid Detmers","Los Angeles Angels","P",0
"Keston Hiura","","IF",0
"Caleb Kilian","Chicago Cubs","P",0
"Tyler Mahle","Minnesota Twins","P",0
"JP Sears","Oakland Athletics","P",0
"Chris Sale","Boston Red Sox","P",0
"Chris Rodriguez","Los Angeles Angels","P",0
"Nick Senzel","Cincinnati Reds","OF",0
"Eguy Rosario","San Diego Padres","IF",0
"Justin Bruihl","Los Angeles Dodgers","P",0
"Kyle Wright","Atlanta Braves","P",0
"Gilberto Celestino","Minnesota Twins","OF",0
"Ben Rortvedt","New York Yankees","IF",0
"James Kaprielian","Oakland Athletics","P",0
"Joan Adon","Washington Nationals","P",0
"Justin Garza","Los Angeles Angels","P",0
"Cole Irvin","Baltimore Orioles","P",0
"Jeremiah Estrada","Chicago Cubs","P",0
"Adrian Martinez","Oakland Athletics","P",0
"Jake Woodford","St. Louis Cardinals","P",0
"Garrett Crochet","Chicago White Sox","P",0
"Garrett Whitlock","Boston Red Sox","P",0
"Carlos Carrasco","New York Mets","P",0
"Joe Ryan","Minnesota Twins","P",0
"Yonny Chirinos","Tampa Bay Rays","P",0
"Tommy Kahnle","New York Yankees","P",0
"Packy Naughton","St. Louis Cardinals","P",0
"MacKenzie Gore","Washington Nationals","P",0
"Frank German","Chicago White Sox","P",0
"Paolo Espino","Washington Nationals","P",0
"Jordan Lyles","Kansas City Royals","P",0
"Johan Oviedo","Pittsburgh Pirates","P",0
"Aaron Civale","Cleveland Guardians","P",0
"Joe Barlow","Texas Rangers","P",0
"Javy Guerra","Milwaukee Brewers","P",0
"Josiah Gray","Washington Nationals","P",0
"Josh Fleming","Tampa Bay Rays","P",0
"Shawn Armstrong","Tampa Bay Rays","P",0
"Alex Cobb","San Francisco Giants","P",0
"Tyler Glasnow","Tampa Bay Rays","P",0
"José Suarez","Los Angeles Angels","P",0
"Manny Piña","Oakland Athletics","IF",0
"Cristopher Sánchez","Philadelphia Phillies","P",0
"Walker Buehler","Los Angeles Dodgers","P",0
"Bailey Falter","Philadelphia Phillies","P",0
"Enoli Paredes","Houston Astros","P",0
"Jeffrey Springs","Tampa Bay Rays","P",0
"Danny Mendick","New York Mets","IF",0
"Sam Long","San Francisco Giants","P",0
"Jarlín García","Pittsburgh Pirates","P",0
"Robbie Ray","Seattle Mariners","P",0
"Matthew Boyd","Detroit Tigers","P",0
"Ronel Blanco","Houston Astros","P",0
"Cole Ragans","Texas Rangers","P",0
"J.P. Feyereisen","Los Angeles Dodgers","P",0
"Logan Gilbert","Seattle Mariners","P",0
"Trevor Rogers","Miami Marlins","P",0
"Jose Butto","New York Mets","P",0
"Liam Hendriks","Chicago White Sox","P",0
"Hunter Brown","Houston Astros","P",0
"Glenn Otto","Texas Rangers","P",0
"Rony García","Detroit Tigers","P",0
"Luis Ortiz","Philadelphia Phillies","P",0
"Matt Strahm","Philadelphia Phillies","P",0
"Vidal Bruján","Tampa Bay Rays","IF",0
"Adam Oller","Oakland Athletics","P",0
"Lance McCullers Jr.","Houston Astros","P",0
"Braxton Garrett","Miami Marlins","P",0
"JT Brubaker","Pittsburgh Pirates","P",0
"Zach Thompson","Toronto Blue Jays","P",0
"José Quintana","New York Mets","P",0
"Zach Plesac","Cleveland Guardians","P",0
"Bruce Zimmermann","Baltimore Orioles","P",0
"Bryse Wilson","Milwaukee Brewers","P",0
"Carter Kieboom","Washington Nationals","IF",0
"Kodai Senga","New York Mets","P",0
"Brent Honeywell Jr.","San Diego Padres","P",0
"Gavin Lux","Los Angeles Dodgers","IF",0
"Matt Gage","Houston Astros","P",0
"Tyrone Taylor","Milwaukee Brewers","OF",0
"Kutter Crawford","Boston Red Sox","P",0
"Spencer Turnbull","Detroit Tigers","P",0
"Cristian Javier","Houston Astros","P",0
"Simeon Woods Richardson","Minnesota Twins","P",0
"Cade Cavalli","Washington Nationals","P",0
"Seth Elledge","Atlanta Braves","P",0
"Clarke Schmidt","New York Yankees","P",0
"Cal Quantrill","Cleveland Guardians","P",0
"Lucas Sims","Cincinnati Reds","P",0
"Mitch Haniger","San Francisco Giants","OF",0
"Alex Faedo","Detroit Tigers","P",0
"Bailey Ober","Minnesota Twins","P",0
"Alex Wood","San Francisco Giants","P",0
"Thomas Szapucki","San Francisco Giants","P",0
"Chris Paddack","Minnesota Twins","P",0
"Dane Dunning","Texas Rangers","P",0
"Seth Lugo","San Diego Padres","P",0
"Clayton Kershaw","Los Angeles Dodgers","P",0
"Tyler Holton","Detroit Tigers","P",0
"Dustin May","Los Angeles Dodgers","P",0
"Kyle Freeland","Colorado Rockies","P",0
"Nic Enright","Miami Marlins","P",0
"Jason Alexander","Milwaukee Brewers","P",0
"Adrian Morejon","San Diego Padres","P",0
"Yennier Cano","Baltimore Orioles","P",0
"Beau Brieske","Detroit Tigers","P",0
"Harrison Bader","New York Yankees","OF",0
"Jonathan Aranda","Tampa Bay Rays","IF",0
"Garrett Hill","Detroit Tigers","P",0
"Johnny Cueto","Miami Marlins","P",0
"Adam Engel","San Diego Padres","OF",0
"Ian Anderson","Atlanta Braves","P",0
"Marco Gonzales","Seattle Mariners","P",0
"Michael Wacha","San Diego Padres","P",0
"Brady Singer","Kansas City Royals","P",0
"Max Meyer","Miami Marlins","P",0
"Drew Rasmussen","Tampa Bay Rays","P",0
"Yu Darvish","San Diego Padres","P",0
"Tyler Nevin","Detroit Tigers","IF",0
"Nate Pearson","Toronto Blue Jays","P",0
"Sixto Sánchez","Miami Marlins","P",0
"Kyle Nelson","Arizona Diamondbacks","P",0
"Austin Gomber","Colorado Rockies","P",0
"Tejay Antone","Cincinnati Reds","P",0
"Mike Clevinger","Chicago White Sox","P",0
"Ronny Henriquez","Minnesota Twins","P",0
"Taijuan Walker","Philadelphia Phillies","P",0
"Edwin Uceta","Detroit Tigers","P",0
"Chris Bassitt","Toronto Blue Jays","P",0
"Taylor Trammell","Seattle Mariners","OF",0
"Jordan Montgomery","St. Louis Cardinals","P",0
"Dillon Tate","Baltimore Orioles","P",0
"Luis Patiño","Tampa Bay Rays","P",0
"Alex Kirilloff","Minnesota Twins","OF",0
"Merrill Kelly","Arizona Diamondbacks","P",0
"Austin Slater","San Francisco Giants","OF",0
"Zack Weiss","Los Angeles Angels","P",0
"Chase Silseth","Los Angeles Angels","P",0
"Cody Morris","Cleveland Guardians","P",0
"Joey Wentz","Detroit Tigers","P",0
"Raisel Iglesias","Atlanta Braves","P",0
"Jaime Barría","Los Angeles Angels","P",0
"Anthony DeSclafani","San Francisco Giants","P",0
"Antonio Senzatela","Colorado Rockies","P",0
"Konnor Pilkington","Cleveland Guardians","P",0
"Nicholas Padilla","Chicago White Sox","P",0
"Steven Okert","Miami Marlins","P",0
"Tucker Davidson","Los Angeles Angels","P",0
"Joe Musgrove","San Diego Padres","P",0
"Justin Steele","Chicago Cubs","P",0
"Michael Lorenzen","Detroit Tigers","P",0
"Luke Jackson","San Francisco Giants","P",0
"Drew Pomeranz","San Diego Padres","P",0
"Spencer Strider","Atlanta Braves","P",0
"Madison Bumgarner","Arizona Diamondbacks","P",0
"Max Kranick","Pittsburgh Pirates","P",0
"Carlos Rodón","New York Yankees","P",0
"Andrew Heaney","Texas Rangers","P",0
"Brad Keller","Kansas City Royals","P",0
"Pedro Avila","San Diego Padres","P",0
"Erich Uelmen","Philadelphia Phillies","P",0
"Tyler Matzek","Atlanta Braves","P",0
"Tyler Wells","Baltimore Orioles","P",0
"Luis Gil","New York Yankees","P",0
"Eric Lauer","Milwaukee Brewers","P",0
"Chad Green","Toronto Blue Jays","P",0
"Brayan Bello","Boston Red Sox","P",0
"Yohan Ramirez","Pittsburgh Pirates","P",0
"Zach Eflin","Tampa Bay Rays","P",0
"Ray Kerr","San Diego Padres","P",0
"Ryan Yarbrough","Kansas City Royals","P",0
"Víctor Arano","Washington Nationals","P",0
"Anthony Bender","Miami Marlins","P",0
"Elieser Hernandez","New York Mets","P",0
"Tommy Henry","Arizona Diamondbacks","P",0
"Brendan Rodgers","Colorado Rockies","IF",0
"José Berríos","Toronto Blue Jays","P",0
"Matt Foster","Chicago White Sox","P",0
"Kris Bubic","Kansas City Royals","P",0
"Génesis Cabrera","St. Louis Cardinals","P",0
"Trent Thornton","Toronto Blue Jays","P",0
"Nick Martinez","San Diego Padres","P",0
"Grayson Rodriguez","Baltimore Orioles","P",0
"Michael Brantley","Houston Astros","OF",0
"Brandon Dixon","San Diego Padres","IF",0
"Louie Varland","Minnesota Twins","P",0
"Jake Bird","Colorado Rockies","P",0
"Luis González","San Francisco Giants","OF",0
"Mitch White","Toronto Blue Jays","P",0
"Freddy Peralta","Milwaukee Brewers","P",0
"Luis Severino","New York Yankees","P",0
"Paul DeJong","St. Louis Cardinals","IF",0
"Ranger Suárez","Philadelphia Phillies","P",0
"Griffin Canning","Los Angeles Angels","P",0
"Ryan Weathers","San Diego Padres","P",0
"Paul Blackburn","Oakland Athletics","P",0
"Luis Garcia","Houston Astros","P",0
"Stephen Ridings","New York Mets","P",0
"Blake Taylor","Houston Astros","P",0
"Nick Lodolo","Cincinnati Reds","P",0
"Daniel Hudson","Los Angeles Dodgers","P",0
"John Means","Baltimore Orioles","P",0
"Carson Kelly","Arizona Diamondbacks","IF",0
"Julio Teheran","","P",0
"Richard Lovelady","Kansas City Royals","P",0
"Michael Grove","Los Angeles Dodgers","P",0
"Lucas Gilbreath","Colorado Rockies","P",0
"Wade Miley","Milwaukee Brewers","P",0
"Ethan Roberts","Chicago Cubs","P",0
"Tanner Banks","Chicago White Sox","P",0
"George Kirby","Seattle Mariners","P",0
"Kody Clemens","Philadelphia Phillies","IF",0
"Dean Kremer","Baltimore Orioles","P",0
"Scott Effross","New York Yankees","P",0
"Josh Winder","Minnesota Twins","P",0
"Tanner Rainey","Washington Nationals","P",0
"Huascar Ynoa","Atlanta Braves","P",0
"Casey Mize","Detroit Tigers","P",0
"Luke Weaver","Cincinnati Reds","P",0
"Jameson Taillon","Chicago Cubs","P",0
"Josh Staumont","Kansas City Royals","P",0
"Stephen Strasburg","Washington Nationals","P",0
"Alex Reyes","Los Angeles Dodgers","P",0
"DL Hall","Baltimore Orioles","P",0
"Peter Lambert","Colorado Rockies","P",0
"Ryan Pepiot","Los Angeles Dodgers","P",0
"Oswald Peraza","New York Yankees","IF",0
"Michel Baez","San Diego Padres","P",0
"Kirby Snead","Oakland Athletics","P",0
"Drew Smyly","Chicago Cubs","P",0
"Jesús Luzardo","Miami Marlins","P",0
"Elvis Peguero","Milwaukee Brewers","P",0
"Trevor Kelley","Tampa Bay Rays","P",0
"Dylan Moore","Seattle Mariners","OF",0
"Thomas Hatch","Toronto Blue Jays","P",0
"Michael Kopech","Chicago White Sox","P",0
"Adam Wainwright","St. Louis Cardinals","P",0
"Connor Seabold","Colorado Rockies","P",0
"Yerry Rodriguez","Texas Rangers","P",0
"Victor González","Los Angeles Dodgers","P",0
"Josh Taylor","Kansas City Royals","P",0
"Tayler Saucedo","Seattle Mariners","P",0
"Bryce Elder","Atlanta Braves","P",0
"Codi Heuer","Chicago Cubs","P",0
"José Ureña","Colorado Rockies","P",0
"Daniel Lynch","Kansas City Royals","P",0
"Janson Junk","Milwaukee Brewers","P",0
"Jose Cuas","Kansas City Royals","P",0
"Seiya Suzuki","Chicago Cubs","OF",0
"Easton McGee","Seattle Mariners","P",0
"Triston McKenzie","Cleveland Guardians","P",0
"Spenser Watkins","Baltimore Orioles","P",0
"Martín Pérez","Texas Rangers","P",0
"Corbin Martin","Arizona Diamondbacks","P",0
"Yusei Kikuchi","Toronto Blue Jays","P",0
"Nestor Cortes","New York Yankees","P",0
"Nick Vespi","Baltimore Orioles","P",0
"Tony Gonsolin","Los Angeles Dodgers","P",0
"Matt Manning","Detroit Tigers","P",0
"Tylor Megill","New York Mets","P",0
"Justin Verlander","New York Mets","P",0
"Ryan Feltner","Colorado Rockies","P",0
"Sean Manaea","San Francisco Giants","P",0
"Deivi García","New York Yankees","P",0
"Parker Mushinski","Houston Astros","P",0
"Jackson Kowar","Kansas City Royals","P",0
"Kyle Bradish","Baltimore Orioles","P",0
"Jake Walsh","St. Louis Cardinals","P",0
"Adrian Sampson","Chicago Cubs","P",0
"Dakota Hudson","St. Louis Cardinals","P",0
"Justin Wilson","Milwaukee Brewers","P",0
"Kenta Maeda","Minnesota Twins","P",0
"Luis Cessa","Cincinnati Reds","P",0
"Freddy Tarnok","Oakland Athletics","P",0
"Brennan Bernardino","Seattle Mariners","P",0
"Hayden Wesneski","Chicago Cubs","P",0
"Ken Waldichuk","Oakland Athletics","P",0
"Jonathan Heasley","Kansas City Royals","P",0
"Luis Frias","Arizona Diamondbacks","P",0
"Blake Treinen","Los Angeles Dodgers","P",0
"Jose Altuve","Houston Astros","IF",0
"Jeff Brigham","New York Mets","P",0
"Joely Rodríguez","Boston Red Sox","P",0
"Gabe Speier","Seattle Mariners","P",0
"Will Vest","Detroit Tigers","P",0
"Brandon Woodruff","Milwaukee Brewers","P",0
"Connor Overton","Cincinnati Reds","P",0
"Cole Waites","San Francisco Giants","P",0
"Wyatt Mills","Boston Red Sox","P",0
"Reiss Knehr","San Diego Padres","P",0
"Davis Martin","Chicago White Sox","P",0
"Jake Cousins","Milwaukee Brewers","P",0
"Abraham Toro","Milwaukee Brewers","IF",0
"Bryce Montes de Oca","New York Mets","P",0
"Patrick Sandoval","Los Angeles Angels","P",0
"Domingo Germán","New York Yankees","P",0
"Trevor Story","Boston Red Sox","IF",0
"Wilking Rodriguez","St. Louis Cardinals","P",0
"Jake Odorizzi","Texas Rangers","P",0
"Tyler Anderson","Los Angeles Angels","P",0
"Robert Suarez","San Diego Padres","P",0
"Robert Stephenson","Pittsburgh Pirates","P",0
"Jon Gray","Texas Rangers","P",0
"Adalberto Mondesi","Boston Red Sox","IF",0
"José Urquidy","Houston Astros","P",0
"Lou Trivino","New York Yankees","P",0
"Kevin Gausman","Toronto Blue Jays","P",0
"Spencer Howard","Texas Rangers","P",0
"Drew Rucinski","Oakland Athletics","P",0
"James Paxton","Boston Red Sox","P",0
"Frankie Montas","New York Yankees","P",0
"José Marte","Los Angeles Angels","P",0
"Tommy Nance","Miami Marlins","P",0
"Nathan Eovaldi","Texas Rangers","P",0
"Matthew Liberatore","St. Louis Cardinals","P",0
"Kolby Allard","Atlanta Braves","P",0
"Joey Lucchesi","New York Mets","P",0
"Rhys Hoskins","Philadelphia Phillies","IF",0
"A.J. Alexy","Chicago White Sox","P",0
"Noah Davis","Colorado Rockies","P",0
"JoJo Romero","St. Louis Cardinals","P",0
"Lance Lynn","Chicago White Sox","P",0
"Sean Bouchard","Colorado Rockies","IF",0
"Cory Abbott","Washington Nationals","P",0
"Anthony Misiewicz","St. Louis Cardinals","P",0
"Tony Santillan","Cincinnati Reds","P",0
"José Castillo","San Diego Padres","P",0
"Max Castillo","Kansas City Royals","P",0
"Jake Brentz","Kansas City Royals","P",0
"Edwin Díaz","New York Mets","P",0
"Aaron Ashby","Milwaukee Brewers","P",0
"Mike Soroka","Atlanta Braves","P",0
"Darin Ruf","","OF",0
"Steven Matz","St. Louis Cardinals","P",0
"Tyler Kinley","Colorado Rockies","P",0
"Rich Hill","Pittsburgh Pirates","P",0
"Vince Velasquez","Pittsburgh Pirates","P",0
"Zach Davies","Arizona Diamondbacks","P",0
"Zack Wheeler","Philadelphia Phillies","P",0
"Nick Pivetta","Boston Red Sox","P",0
"Shane Baz","Tampa Bay Rays","P",0
"Jordan Weems","Washington Nationals","P",0
"Sam Coonrod","New York Mets","P",0
"Bennett Sousa","Cincinnati Reds","P",0
"Jimmy Nelson","Los Angeles Dodgers","P",0
"Jack Flaherty","St. Louis Cardinals","P",0
"Brett Martin","Texas Rangers","P",0
"Luis Ortiz","Pittsburgh Pirates","P",0
"Andrew Kittredge","Tampa Bay Rays","P",0
"David Peterson","New York Mets","P",0
"Drew Waters","Kansas City Royals","OF",0
"Edward Cabrera","Miami Marlins","P",0
"Roansy Contreras","Pittsburgh Pirates","P",0
"Trevor Williams","Washington Nationals","P",0
"Xzavion Curry","Cleveland Guardians","P",0
"Charlie Morton","Atlanta Braves","P",0
"Ethan Small","Milwaukee Brewers","P",0
"Justin Topa","Seattle Mariners","P",0
"Gregory Santos","Chicago White Sox","P",0
"Gavin Hollowell","Colorado Rockies","P",0
"Ty Blach","Colorado Rockies","P",0
"Hunter Gaddis","Cleveland Guardians","P",0
