"Name","Team","W","L","SV","ERA","GS","G","IP","H","ER","HR","SO","BB","WHIP","K/9","BB/9","FIP","ADP","playerid"
"Kirby Yates","Padres","1","1","12","2.77","0","23","23.0","18","7","3","33","7","1.05","12.95","2.56","2.78","61.1","9073"
"Nick Anderson","Rays","1","1","9","3.26","0","25","23.0","18","8","3","34","7","1.06","13.24","2.57","2.81","123.3","18337"
"Liam Hendriks","Athletics","1","1","12","2.93","0","25","25.0","20","8","3","34","7","1.09","12.05","2.65","2.85","75.9","3548"
"Aroldis Chapman","Yankees","1","1","13","2.78","0","23","22.0","15","7","2","33","10","1.12","13.51","3.91","2.88","76.0","10233"
"Josh Hader","Brewers","1","1","12","2.95","0","26","28.0","17","9","4","48","10","0.97","15.41","3.16","2.89","44.8","14212"
"Jacob deGrom","Mets","5","3","0","2.90","12","12","73.0","60","24","8","88","17","1.06","10.83","2.11","2.94","8.9","10954"
"Edwin Diaz","Mets","1","1","12","3.30","0","24","24.0","18","9","3","37","8","1.08","13.96","3.08","2.97","107.6","14710"
"Emmanuel Clase","Indians","0","1","1","3.21","0","10","11.0","10","4","1","11","3","1.22","8.76","2.58","3.00","596.8","21032"
"Chris Martin","Braves","1","1","0","3.46","0","21","21.0","20","8","2","22","3","1.11","9.83","1.41","3.02","592.3","11847"
"Ken Giles","Blue Jays","1","1","12","3.14","0","23","23.0","19","8","3","31","7","1.10","12.16","2.69","3.02","101.5","12910"
"Zac Grotz","","0","0","0","3.44","0","6","7.0","7","3","1","7","2","1.26","9.07","2.48","3.05","999.0","18256"
"Taylor Rogers","Twins","1","1","12","3.12","0","23","24.0","20","8","3","28","5","1.08","10.64","2.05","3.08","83.9","13449"
"Ryan Pressly","Astros","1","1","2","3.05","0","24","23.0","18","8","3","29","6","1.07","11.51","2.41","3.11","326.0","7005"
"Jose Castillo","Padres","1","0","0","3.35","0","11","11.0","8","4","1","15","4","1.17","12.39","3.61","3.14","999.0","17169"
"Gerrit Cole","Yankees","6","3","0","3.12","12","12","74.0","56","26","10","102","20","1.03","12.34","2.46","3.15","6.1","13125"
"David Robertson","Phillies","0","0","0","3.27","0","5","5.0","5","2","0","6","2","1.29","11.16","3.32","3.15","594.7","8241"
"Max Scherzer","Nationals","5","3","0","3.24","10","11","68.0","54","25","9","89","16","1.03","11.73","2.11","3.18","15.2","3137"
"Diego Castillo","Rays","1","1","3","3.29","0","23","24.0","20","9","2","28","8","1.17","10.61","3.03","3.20","343.3","17496"
"Roberto Osuna","Astros","1","1","14","3.15","0","23","23.0","19","8","3","27","5","1.02","10.20","1.78","3.22","66.8","13764"
"Dellin Betances","Mets","1","1","1","3.06","0","19","19.0","14","7","2","30","9","1.18","13.90","4.17","3.22","399.4","6216"
"Chad Green","Yankees","1","1","0","3.68","0","22","24.0","20","10","3","32","6","1.11","12.02","2.38","3.23","565.1","15552"
"Will Smith","Braves","1","1","4","3.28","0","21","21.0","17","8","3","28","7","1.12","12.11","2.87","3.24","176.8","8048"
"James Karinchak","","1","1","1","3.40","0","19","19.0","14","7","2","28","11","1.28","12.97","4.98","3.25","389.4","20151"
"Walker Buehler","Dodgers","5","3","0","3.33","12","12","69.0","59","26","9","78","16","1.07","10.11","2.04","3.26","14.8","19374"
"Scott Alexander","Dodgers","0","0","0","3.58","0","11","9.0","9","4","0","8","3","1.28","7.53","3.30","3.26","999.0","10591"
"Jeremy Walker","Braves","0","0","0","4.07","0","5","6.0","6","3","0","4","1","1.32","6.93","1.98","3.32","999.0","19981"
"Corey Knebel","Brewers","1","1","2","3.52","0","19","19.0","15","7","2","27","9","1.23","12.67","4.05","3.32","315.4","15010"
"Shane Bieber","Indians","5","3","0","3.54","11","12","71.0","66","28","10","79","13","1.12","10.04","1.71","3.34","25.8","19427"
"Blake Snell","Rays","5","3","0","3.33","11","11","61.0","48","23","7","77","23","1.17","11.36","3.45","3.35","46.7","13543"
"Tommy Kahnle","Yankees","1","1","0","3.60","0","24","23.0","18","9","3","30","8","1.17","12.11","3.17","3.36","596.1","11384"
"Justin Verlander","Astros","5","3","0","3.19","10","10","63.0","49","22","10","81","14","0.99","11.60","2.00","3.36","15.7","8700"
"Darwinzon Hernandez","Red Sox","1","1","0","4.16","0","15","16.0","13","7","1","23","11","1.46","12.88","5.96","3.36","594.8","19848"
"Andrew Kittredge","Rays","1","0","1","4.02","0","14","15.0","13","7","2","16","4","1.19","9.95","2.60","3.37","600.0","12828"
"Matt Barnes","Red Sox","2","1","2","3.53","0","25","25.0","19","10","3","36","12","1.27","12.98","4.39","3.37","521.7","12863"
"Seth Lugo","Mets","1","1","1","3.26","0","23","27.0","23","10","3","30","7","1.09","10.13","2.25","3.37","264.4","12447"
"Giovanny Gallegos","Cardinals","1","1","8","3.26","0","22","24.0","20","9","3","29","6","1.07","10.81","2.36","3.40","202.3","14986"
"Oliver Drake","Rays","1","1","0","3.78","0","18","18.0","15","8","2","22","7","1.21","10.77","3.25","3.40","592.2","8823"
"Cole Sulser","Orioles","0","0","0","3.65","0","6","6.0","6","3","1","7","2","1.36","9.91","3.47","3.42","999.0","15256"
"Charlie Morton","Rays","5","3","0","3.36","11","11","66.0","56","25","7","77","22","1.17","10.45","2.94","3.42","49.2","4676"
"Jose Alvarado","Rays","1","1","2","3.54","0","19","18.0","14","7","2","22","10","1.33","11.14","4.82","3.44","502.6","17780"
"Austin Adams","Mariners","1","1","0","3.39","0","19","19.0","14","7","2","26","9","1.22","12.80","4.47","3.45","543.5","13801"
"Tyler Glasnow","Rays","4","3","0","3.51","10","10","54.0","43","21","6","64","18","1.12","10.78","2.97","3.45","70.2","14374"
"Jake Diekman","Athletics","1","1","1","3.81","0","23","20.0","17","9","2","25","10","1.32","11.10","4.57","3.45","597.2","5003"
"Stephen Strasburg","Nationals","5","3","0","3.53","11","11","68.0","59","27","8","77","19","1.15","10.21","2.54","3.45","28.4","10131"
"Logan Gilbert","Mariners","0","1","0","4.08","2","3","9.0","9","4","1","10","3","1.35","9.82","3.31","3.46","600.9","sa3008598"
"Tanner Scott","Orioles","1","1","0","3.98","0","15","15.0","13","7","1","18","8","1.39","11.02","4.65","3.48","999.0","17586"
"Mike Clevinger","Indians","5","3","0","3.31","10","10","62.0","51","23","8","76","21","1.15","10.97","3.03","3.49","21.3","12808"
"Mark Melancon","Braves","1","1","9","3.78","0","24","23.0","24","10","2","21","6","1.30","8.26","2.43","3.49","181.4","4264"
"Aaron Bummer","White Sox","1","1","1","3.14","0","23","22.0","20","8","2","22","9","1.27","8.71","3.47","3.50","523.9","16258"
"Will Harris","Nationals","1","1","1","3.21","0","23","22.0","20","8","3","22","6","1.16","9.21","2.37","3.50","560.4","3192"
"Brad Hand","Indians","1","1","11","3.49","0","24","23.0","19","9","3","31","8","1.15","11.93","2.95","3.51","94.4","9111"
"Richard Lovelady","Royals","0","0","0","4.60","0","11","11.0","11","6","1","9","3","1.30","7.42","2.54","3.51","600.7","19337"
"Luke Jackson","Braves","2","1","0","3.95","0","22","23.0","22","10","2","28","9","1.36","11.20","3.68","3.51","595.6","11752"
"Joe Kelly","Dodgers","1","1","1","4.12","0","23","22.0","19","10","2","24","9","1.30","9.93","3.69","3.51","600.9","9761"
"Matt Grace","","0","0","0","4.68","0","8","8.0","8","4","1","6","2","1.29","6.55","2.32","3.52","999.0","11449"
"Colin Poche","Rays","1","1","1","3.71","0","21","21.0","16","9","3","29","8","1.11","12.53","3.30","3.52","599.0","19403"
"Ty Buttrey","Angels","1","1","2","3.67","0","23","23.0","21","10","3","27","8","1.23","10.39","3.14","3.53","569.1","14719"
"Keone Kela","Pirates","1","1","9","3.25","0","23","23.0","18","8","3","27","8","1.15","10.75","3.19","3.56","178.5","14696"
"Brian Moran","","0","0","0","3.74","0","8","6.0","6","3","1","7","2","1.32","10.66","3.25","3.57","999.0","9646"
"Kevin Ginkel","Diamondbacks","2","1","1","3.25","0","21","22.0","17","8","3","26","8","1.17","10.89","3.28","3.57","536.2","19876"
"Tyler Duffey","Twins","1","1","0","3.61","0","22","23.0","21","9","3","27","6","1.15","10.66","2.29","3.60","575.4","13758"
"Jack Flaherty","Cardinals","4","3","0","3.44","11","12","69.0","56","26","9","78","21","1.12","10.23","2.77","3.61","22.8","17479"
"Joakim Soria","Athletics","1","1","1","3.93","0","23","22.0","20","10","3","25","7","1.21","9.99","2.91","3.61","599.5","6941"
"Andrew Chafin","Diamondbacks","1","1","0","3.64","0","24","20.0","18","8","2","23","8","1.30","10.36","3.65","3.62","999.0","12988"
"Jose Leclerc","Rangers","1","1","10","3.72","0","24","24.0","18","10","3","33","13","1.30","12.69","5.01","3.64","147.2","14524"
"Brandon Workman","Red Sox","2","1","11","3.35","0","24","25.0","19","9","3","31","12","1.25","11.45","4.31","3.64","132.8","11428"
"Patrick Corbin","Nationals","5","3","0","3.69","12","12","70.0","64","29","9","78","23","1.24","10.02","2.89","3.65","47.7","9323"
"Lance McCullers Jr.","Astros","4","3","0","3.84","9","9","52.0","47","22","6","57","20","1.30","9.95","3.52","3.65","163.9","14120"
"Emilio Pagan","Padres","1","1","1","3.37","0","23","24.0","19","9","4","30","6","1.06","11.13","2.36","3.65","291.5","14771"
"Zack Britton","Yankees","1","1","1","3.03","0","23","23.0","20","8","2","21","10","1.30","8.10","4.04","3.65","434.1","3240"
"Jordan Hicks","Cardinals","1","1","3","3.64","0","12","12.0","10","5","1","13","6","1.30","9.08","4.28","3.66","467.5","19618"
"Sam Selman","","0","0","0","4.29","0","8","8.0","6","4","1","10","4","1.29","10.25","4.78","3.66","999.0","13397"
"Luis Castillo","Reds","5","3","0","3.51","12","12","69.0","59","27","9","80","24","1.20","10.43","3.14","3.68","41.7","15689"
"Junior Fernandez","","0","1","0","4.30","0","10","10.0","9","5","1","11","5","1.34","10.05","4.20","3.68","598.4","18496"
"Drew Pomeranz","Padres","1","1","2","3.67","0","22","23.0","19","10","3","28","9","1.22","10.83","3.42","3.69","409.0","11426"
"Trevor Gott","Giants","1","1","2","4.33","0","20","20.0","18","9","2","19","7","1.31","8.91","3.35","3.69","599.2","15046"
"Joe Smith","Astros","1","1","0","3.87","0","20","18.0","17","8","2","17","5","1.19","8.70","2.28","3.70","599.8","3281"
"Brendan McKay","","2","2","0","3.91","6","10","34.0","30","15","5","38","10","1.20","10.16","2.76","3.71","401.5","20186"
"Cody Reed","Reds","1","1","0","4.14","0","14","16.0","15","8","2","16","7","1.34","9.03","3.79","3.71","999.0","15232"
"Chris Paddack","Padres","4","3","0","3.66","11","11","62.0","55","25","9","66","14","1.11","9.60","2.07","3.71","52.9","20099"
"Dan Otero","","0","0","0","4.64","0","6","6.0","7","3","1","4","1","1.15","5.21","0.77","3.72","999.0","7385"
"Josh Taylor","Red Sox","1","1","0","3.61","0","18","18.0","16","7","2","21","7","1.30","10.60","3.65","3.72","599.5","17359"
"Kenley Jansen","Dodgers","1","1","11","3.73","0","23","23.0","19","10","4","27","6","1.07","10.50","2.21","3.72","84.1","3096"
"A.J. Minter","","0","0","0","4.26","0","9","8.0","8","4","1","9","3","1.37","10.31","3.47","3.73","999.0","18655"
"Clayton Kershaw","Dodgers","5","2","0","3.48","10","10","65.0","58","25","9","65","15","1.13","9.07","2.06","3.73","35.1","2036"
"Trey Wingenter","Padres","0","0","0","4.45","0","10","9.0","7","4","1","12","4","1.35","12.24","4.65","3.74","999.0","17793"
"Nick Burdi","Pirates","1","1","0","4.58","0","15","14.0","12","7","2","18","6","1.33","11.65","4.13","3.75","567.0","16074"
"Brett Martin","Rangers","1","1","0","4.28","0","17","19.0","19","9","2","19","7","1.36","8.88","3.16","3.75","999.0","17369"
"James Paxton","Yankees","4","2","0","3.82","8","8","46.0","41","20","7","55","14","1.18","10.71","2.73","3.75","95.9","11828"
"Archie Bradley","Diamondbacks","1","1","12","3.86","0","25","25.0","23","11","3","26","10","1.31","9.71","3.52","3.76","149.9","12918"
"Nick Vincent","","0","0","0","4.61","0","7","7.0","7","4","1","7","2","1.30","8.87","2.90","3.76","999.0","7555"
"Joe Jimenez","Tigers","1","1","10","4.01","0","24","24.0","21","11","3","30","8","1.23","11.32","3.17","3.76","176.8","15761"
"Brandon Woodruff","Brewers","4","3","0","3.85","11","11","62.0","56","26","8","66","19","1.22","9.68","2.73","3.76","83.0","16162"
"Jesus Luzardo","Athletics","3","2","0","3.77","9","11","50.0","46","21","7","51","15","1.22","9.17","2.68","3.77","96.9","19959"
"Max Fried","Braves","5","4","0","3.70","11","11","61.0","59","25","7","63","22","1.31","9.25","3.20","3.78","140.3","13743"
"Mike Soroka","Braves","4","3","0","3.70","11","11","62.0","62","26","7","52","16","1.26","7.52","2.34","3.78","118.6","18383"
"Sterling Sharp","Marlins","1","1","0","4.47","0","10","11.0","12","5","1","8","4","1.47","6.99","3.21","3.80","999.0","sa738458"
"Yu Darvish","Cubs","4","3","0","3.85","11","11","67.0","56","28","10","79","21","1.16","10.73","2.85","3.80","53.5","13074"
"Shohei Ohtani","Angels","2","2","0","3.57","6","8","34.0","28","14","4","41","14","1.24","10.76","3.77","3.80","130.7","19755"
"A.J. Puk","Athletics","3","2","0","4.01","7","13","43.0","38","19","5","48","17","1.29","10.03","3.61","3.81","215.0","19343"
"Lewis Thorpe","","1","0","0","4.62","1","8","12.0","12","6","2","13","4","1.36","9.67","2.95","3.82","600.5","15906"
"Tim Hill","Royals","1","1","0","4.11","0","21","19.0","19","9","2","17","6","1.34","8.07","3.06","3.83","999.0","16814"
"Mitch Keller","Pirates","3","4","0","4.16","10","10","53.0","52","24","7","56","19","1.34","9.43","3.19","3.83","236.8","17594"
"Brusdar Graterol","Dodgers","1","1","0","3.73","0","17","18.0","16","8","2","18","7","1.23","8.76","3.22","3.83","587.9","20367"
"Craig Stammen","Padres","1","1","0","3.78","0","23","24.0","23","10","3","22","6","1.23","8.34","2.32","3.84","600.9","7274"
"Trevor May","Twins","1","1","1","3.81","0","22","21.0","18","9","3","26","8","1.23","10.93","3.40","3.84","572.9","6398"
"Rowan Wick","Cubs","1","1","1","3.75","0","23","23.0","20","10","2","23","10","1.33","9.21","4.04","3.84","582.0","14646"
"Aaron Nola","Phillies","4","3","0","3.92","11","11","69.0","62","30","9","73","23","1.25","9.58","3.07","3.85","66.9","16149"
"Marcus Walden","Red Sox","1","1","0","4.03","0","23","24.0","23","11","2","23","10","1.36","8.35","3.59","3.86","999.0","8004"
"Joshua James","Astros","2","2","0","3.95","6","11","39.0","33","17","5","49","18","1.29","11.19","4.15","3.87","237.8","16794"
"Jeurys Familia","Mets","1","1","0","4.30","0","21","21.0","20","10","2","22","10","1.42","9.30","4.45","3.87","597.6","5114"
"Jace Fry","White Sox","1","1","0","4.22","0","20","19.0","16","9","2","22","10","1.38","10.66","4.66","3.87","999.0","16159"
"Ryne Stanek","Marlins","1","1","2","3.69","0","25","24.0","20","10","3","28","11","1.29","10.62","4.00","3.87","578.3","15947"
"Justin Wilson","Mets","1","1","1","3.58","0","22","20.0","16","8","2","24","9","1.26","10.57","4.06","3.88","599.5","4301"
"Ross Stripling","Dodgers","3","2","0","3.86","7","16","44.0","44","19","6","43","11","1.23","8.69","2.13","3.88","224.1","13273"
"Blake Treinen","Dodgers","2","1","3","3.60","0","24","25.0","22","10","2","25","10","1.30","9.26","3.68","3.89","370.2","12572"
"Chaz Roe","Rays","0","1","0","4.15","0","20","17.0","15","8","2","19","8","1.33","10.09","3.92","3.89","592.6","9866"
"Sonny Gray","Reds","4","3","0","3.83","11","11","64.0","56","27","8","67","25","1.27","9.45","3.50","3.89","95.0","12768"
"Scott Oberg","Rockies","1","1","3","3.90","0","23","24.0","23","10","3","23","8","1.31","8.67","3.17","3.89","285.9","13911"
"Dustin May","Dodgers","3","2","0","3.90","7","10","39.0","39","17","5","34","10","1.23","7.67","2.27","3.90","246.8","19716"
"Ryan Brasier","Red Sox","1","1","0","4.01","0","19","19.0","18","8","2","19","6","1.27","9.14","2.99","3.91","593.0","5615"
"Lou Trivino","Athletics","1","1","0","4.26","0","22","22.0","20","11","2","22","9","1.33","9.04","3.79","3.91","600.7","15043"
"Jeffrey Springs","","0","0","0","4.76","0","7","9.0","8","5","1","10","3","1.33","10.10","3.49","3.92","999.0","17677"
"Melvin Adon","","0","0","0","4.53","0","5","6.0","6","3","0","6","3","1.57","9.09","4.96","3.92","999.0","sa873314"
"Zack Greinke","Astros","5","3","0","3.78","11","11","71.0","68","30","11","66","14","1.16","8.41","1.84","3.92","61.3","1943"
"Sean Doolittle","Nationals","1","1","9","3.87","0","22","21.0","19","9","4","24","5","1.15","9.95","2.24","3.92","178.8","1581"
"MacKenzie Gore","","2","2","0","4.17","5","6","26.0","24","12","3","26","10","1.31","9.17","3.42","3.92","999.0","sa3005068"
"Adam Ottavino","Yankees","1","1","1","3.58","0","25","24.0","19","10","3","30","12","1.31","11.50","4.58","3.93","546.3","1247"
"Lance Lynn","Rangers","4","4","0","3.99","11","12","68.0","63","30","9","74","24","1.27","9.82","3.13","3.93","110.6","2520"
"Carlos Carrasco","Indians","4","3","0","3.82","9","9","54.0","51","23","8","61","14","1.19","10.21","2.25","3.93","130.3","6632"
"Raisel Iglesias","Reds","1","1","12","3.80","0","25","25.0","22","11","4","30","8","1.21","10.76","2.99","3.94","114.9","17130"
"Scott Barlow","Royals","1","1","1","4.00","0","23","26.0","23","12","3","30","12","1.36","10.32","4.25","3.94","600.4","14993"
"Frankie Montas","Athletics","4","3","0","3.81","10","11","60.0","58","25","8","59","19","1.27","8.81","2.79","3.94","93.2","14309"
"Trevor Bauer","Reds","4","4","0","4.06","12","12","71.0","63","32","10","82","26","1.26","10.35","3.33","3.94","81.5","12703"
"Peter Fairbanks","Rays","1","1","0","4.25","0","14","14.0","13","7","2","17","6","1.27","10.90","3.54","3.94","598.5","17998"
"Wander Suero","Nationals","1","1","0","4.38","0","20","20.0","18","10","3","21","7","1.30","9.41","3.25","3.95","597.5","15855"
"Dinelson Lamet","Padres","3","3","0","3.97","10","10","54.0","46","24","7","66","21","1.24","10.93","3.53","3.95","129.6","17186"
"Jeremy Jeffress","Cubs","1","1","1","4.03","0","20","20.0","20","9","2","18","8","1.37","8.07","3.36","3.95","600.9","9490"
"Joe Musgrove","Pirates","4","4","0","4.25","11","11","64.0","65","30","9","57","15","1.24","8.07","2.05","3.95","211.8","12970"
"Dylan Floro","Dodgers","1","1","0","3.95","0","14","14.0","14","6","2","12","4","1.31","7.60","2.65","3.95","999.0","13394"
"Matt Strahm","Padres","1","2","0","4.03","1","20","24.0","22","11","4","25","6","1.21","9.54","2.38","3.95","591.2","13799"
"Lucas Giolito","White Sox","4","4","0","4.03","11","11","67.0","56","30","10","78","24","1.20","10.54","3.20","3.96","47.5","15474"
"Adam Kolarek","Dodgers","1","0","0","3.26","0","18","15.0","14","6","1","13","5","1.25","7.37","2.85","3.96","999.0","10843"
"Colten Brewer","","1","0","0","4.48","0","14","13.0","13","6","1","13","6","1.49","9.10","4.23","3.96","999.0","12997"
"Chris Mazza","","0","0","0","3.94","0","5","7.0","7","3","1","5","2","1.39","6.46","2.92","3.97","999.0","14151"
"David Hernandez","Indians","0","0","0","4.32","0","5","5.0","5","2","1","6","2","1.32","9.99","3.19","3.97","999.0","4259"
"Sam Dyson","","0","0","0","3.97","0","13","13.0","13","6","1","11","4","1.38","7.70","2.90","3.97","999.0","11710"
"Luis Patino","Padres","1","1","0","3.06","2","2","13.0","13","5","2","13","5","1.37","8.71","3.54","3.97","582.4","sa3002792"
"Zack Wheeler","Phillies","4","3","0","4.13","10","10","59.0","58","27","8","57","17","1.26","8.74","2.58","3.98","159.0","10310"
"Framber Valdez","Astros","2","2","0","4.16","3","14","27.0","24","12","3","28","13","1.40","9.44","4.44","3.98","596.2","17295"
"Eduardo Rodriguez","Red Sox","5","3","0","3.92","11","11","66.0","62","29","9","69","23","1.30","9.43","3.21","3.98","167.9","13164"
"Andrew Heaney","Angels","4","3","0","4.10","10","10","57.0","53","26","9","64","16","1.22","10.05","2.57","3.99","195.1","15423"
"Corey Kluber","Rangers","4","3","0","4.01","11","11","63.0","60","28","9","65","16","1.21","9.30","2.29","4.00","95.3","2429"
"Brandon Bailey","Astros","0","0","0","4.36","0","7","9.0","9","4","1","9","4","1.48","9.13","4.39","4.00","999.0","sa873692"
"Marcus Stroman","Mets","4","3","0","3.96","10","10","61.0","61","27","6","51","20","1.35","7.58","3.02","4.00","207.9","13431"
"Hyun-Jin Ryu","Blue Jays","4","3","0","3.79","10","10","61.0","61","26","9","55","13","1.20","8.12","1.86","4.01","148.8","14444"
"Freddy Peralta","Brewers","3","2","0","4.34","5","16","39.0","33","19","6","50","18","1.33","11.69","4.23","4.01","343.5","18679"
"Justin Shafer","Reds","0","0","0","4.57","0","6","6.0","6","3","1","6","3","1.48","8.49","4.35","4.03","999.0","16132"
"Ray Black","Brewers","1","1","0","4.48","0","17","16.0","13","8","2","21","8","1.30","11.68","4.40","4.03","600.6","14244"
"Michael Feliz","Pirates","1","1","1","4.25","0","22","22.0","19","10","3","27","9","1.29","10.90","3.75","4.03","599.8","11903"
"Anthony Bass","Blue Jays","1","1","1","4.08","0","21","22.0","21","10","3","20","7","1.31","8.19","3.04","4.03","598.0","7982"
"Zac Gallen","Diamondbacks","4","3","0","4.01","11","11","59.0","55","26","8","62","22","1.29","9.34","3.30","4.03","125.4","19291"
"Darren O'Day","Braves","1","1","0","3.98","0","15","15.0","13","7","2","17","5","1.19","10.36","2.81","4.03","999.0","3321"
"Oliver Perez","Indians","1","1","0","3.94","0","23","18.0","16","8","3","20","6","1.23","10.28","2.98","4.04","999.0","1514"
"German Marquez","Rockies","4","3","0","4.41","11","11","68.0","67","33","10","68","18","1.26","9.08","2.34","4.04","197.6","15038"
"Jose Alvarez","Phillies","1","1","0","3.91","0","21","20.0","20","9","2","18","6","1.33","8.15","2.93","4.04","594.8","5358"
"Spencer Howard","Phillies","0","0","0","4.10","2","2","8.0","7","4","1","8","3","1.28","9.27","3.39","4.04","275.8","sa3004923"
"Shane Greene","Braves","1","1","1","3.83","0","25","24.0","22","10","3","24","8","1.26","8.98","2.94","4.04","564.9","10756"
"Cam Bedrosian","Angels","1","1","0","3.88","0","22","21.0","20","9","3","22","8","1.30","9.14","3.31","4.05","599.2","13360"
"Trevor Megill","Cubs","0","0","0","4.40","0","10","10.0","9","5","1","11","4","1.39","10.23","3.76","4.05","999.0","sa828803"
"Tyler Rogers","Giants","1","1","2","3.63","0","20","21.0","21","8","2","16","9","1.44","7.08","3.83","4.05","529.7","15541"
"Stephen Tarpley","Marlins","1","1","0","4.40","0","13","13.0","12","7","2","14","6","1.38","9.44","4.08","4.05","999.0","15859"
"Brad Wieck","Cubs","1","1","0","4.19","0","17","17.0","14","8","3","22","7","1.26","11.75","3.92","4.07","999.0","16390"
"Miles Mikolas","Cardinals","3","3","0","4.18","10","10","56.0","59","26","8","43","11","1.23","6.84","1.68","4.07","271.2","9803"
"Kyle Hendricks","Cubs","4","4","0","4.00","11","11","65.0","65","29","9","54","14","1.22","7.41","1.98","4.07","150.7","12049"
"Evan Phillips","Orioles","0","0","0","5.12","0","8","9.0","9","5","1","9","4","1.47","9.49","4.44","4.07","999.0","17734"
"Zack Littell","Twins","1","1","0","4.36","0","14","17.0","16","8","2","15","5","1.28","8.25","2.92","4.07","999.0","15823"
"Brent Honeywell Jr.","","0","1","0","4.48","1","1","11.0","12","6","2","12","4","1.37","9.49","3.00","4.08","999.0","sa828706"
"Joel Kuhnel","Reds","0","0","0","4.02","0","10","8.0","8","4","1","7","3","1.33","7.72","3.19","4.08","999.0","19995"
"Caleb Ferguson","Dodgers","1","1","0","3.84","0","13","13.0","11","5","2","15","5","1.27","10.45","3.71","4.08","999.0","19349"
"Hector Neris","Phillies","1","1","10","3.62","0","22","22.0","18","9","4","28","8","1.16","11.64","3.17","4.08","122.4","11804"
"Brad Brach","Mets","1","1","0","4.39","0","18","17.0","16","8","2","18","8","1.38","9.38","3.99","4.08","999.0","6627"
"Luke Weaver","Diamondbacks","3","3","0","4.28","10","10","55.0","54","26","8","54","17","1.30","8.86","2.84","4.08","201.7","16918"
"Art Warren","","0","0","0","3.98","0","6","6.0","5","2","1","6","2","1.32","9.11","3.99","4.09","999.0","18251"
"Evan Marshall","White Sox","1","1","0","3.98","0","19","18.0","19","8","2","16","6","1.35","7.87","3.03","4.09","999.0","12297"
"Daniel Zamora","","0","0","0","4.12","0","7","6.0","6","3","1","6","2","1.32","9.31","3.13","4.09","999.0","17811"
"Jon Gray","Rockies","4","4","0","4.52","11","11","65.0","66","33","9","64","22","1.34","8.83","3.00","4.09","269.0","14916"
"Jairo Diaz","Rockies","1","1","1","4.45","0","24","24.0","24","12","3","25","10","1.39","9.17","3.62","4.09","589.3","12774"
"Jose Urquidy","Astros","3","3","0","4.04","9","9","49.0","47","22","8","49","11","1.19","9.01","2.01","4.09","222.8","18413"
"Ryan Yarbrough","Rays","4","3","0","4.09","9","9","53.0","53","24","8","46","13","1.23","7.68","2.15","4.09","229.6","16502"
"Nate Jones","","0","0","0","4.11","0","6","6.0","5","3","1","6","2","1.30","9.58","3.71","4.09","999.0","4696"
"Alex Claudio","Brewers","1","1","0","4.19","0","23","22.0","23","10","2","15","7","1.38","6.14","2.72","4.10","999.0","12890"
"Alex Colome","White Sox","1","1","11","3.73","0","23","23.0","21","10","3","23","8","1.27","8.87","3.16","4.10","132.7","6661"
"Brandon Brennan","Mariners","1","2","1","4.18","0","21","23.0","21","10","3","22","10","1.36","8.88","4.01","4.11","600.8","13527"
"Pablo Lopez","Marlins","3","4","0","4.34","10","10","54.0","55","26","7","45","14","1.29","7.52","2.41","4.11","508.0","17085"
"Stefan Crichton","Diamondbacks","1","1","0","4.15","0","16","17.0","17","8","2","16","6","1.35","8.31","3.14","4.12","999.0","16058"
"Dominic Leone","","0","0","0","4.41","0","11","9.0","9","5","1","11","4","1.33","10.37","3.42","4.12","999.0","13763"
"Julio Urias","Dodgers","4","3","0","3.75","10","12","54.0","49","23","7","56","20","1.27","9.30","3.33","4.12","125.6","14765"
"Michael Lorenzen","Reds","1","1","3","3.89","0","25","26.0","25","11","3","25","10","1.31","8.54","3.30","4.12","540.0","14843"
"Drew Steckenrider","Marlins","0","1","0","4.47","0","13","13.0","11","6","2","14","5","1.26","9.88","3.57","4.13","600.2","18806"
"Logan Webb","Giants","2","2","0","4.26","6","7","34.0","34","16","4","28","13","1.40","7.58","3.39","4.13","598.4","17995"
"Jose Berrios","Twins","5","3","0","3.99","12","12","72.0","68","32","10","70","20","1.24","8.79","2.54","4.13","66.8","14168"
"Adam Morgan","Phillies","1","1","0","4.23","0","21","18.0","17","9","3","19","6","1.30","9.21","3.18","4.13","600.2","12580"
"Sam Tuivailala","","1","0","0","4.34","0","14","14.0","13","7","2","13","6","1.35","8.67","3.63","4.13","599.2","13485"
"Taylor Cole","Angels","0","0","0","4.65","0","5","7.0","6","3","1","7","2","1.26","9.09","3.22","4.13","999.0","11964"
"Adrian Houser","Brewers","3","3","0","4.22","10","12","54.0","54","25","7","49","19","1.35","8.26","3.15","4.13","230.5","12718"
"Jonathan Loaisiga","Yankees","2","2","0","4.40","5","14","35.0","33","17","6","39","13","1.31","10.09","3.33","4.14","564.5","19753"
"Phillips Valdez","","0","0","0","4.55","0","7","8.0","8","4","1","7","4","1.48","8.17","4.12","4.15","999.0","15605"
"Yonny Chirinos","Rays","3","2","0","4.00","8","11","50.0","49","22","7","43","12","1.21","7.72","2.15","4.15","281.2","16401"
"Kenta Maeda","Twins","4","3","0","4.21","10","12","59.0","53","28","9","64","20","1.23","9.74","3.07","4.15","146.2","18498"
"Nick Wittgren","Indians","1","1","1","3.76","0","23","23.0","21","10","4","23","7","1.23","8.94","2.61","4.16","584.0","15594"
"Matthew Boyd","Tigers","4","5","0","4.37","11","12","66.0","61","32","12","74","19","1.22","10.15","2.65","4.16","151.3","15440"
"Adam Cimber","Indians","1","1","0","4.15","0","21","21.0","22","10","3","16","5","1.32","6.76","2.33","4.16","999.0","15288"
"Brandon Kintzler","Marlins","1","1","7","3.99","0","23","23.0","23","10","3","17","6","1.29","6.83","2.53","4.17","255.2","9939"
"Brad Peacock","Astros","1","1","0","4.07","1","17","22.0","19","10","3","25","8","1.24","10.21","3.31","4.17","574.9","5401"
"Conner Menez","","0","0","0","4.35","1","6","9.0","8","4","1","9","4","1.36","9.87","4.09","4.17","999.0","19199"
"Craig Kimbrel","Cubs","1","1","10","4.04","0","21","21.0","16","9","3","28","9","1.20","12.28","4.02","4.17","128.0","6655"
"Randy Dobnak","Twins","1","1","0","4.23","2","10","19.0","21","9","3","15","5","1.31","6.78","2.22","4.17","585.6","23798"
"Tony Watson","Giants","1","1","7","3.84","0","24","23.0","22","10","3","20","6","1.25","7.86","2.39","4.17","322.2","3132"
"Garrett Richards","Padres","3","3","0","4.37","9","9","47.0","43","23","6","46","20","1.34","8.94","3.79","4.17","246.1","9784"
"Corbin Burnes","Brewers","2","2","0","4.85","3","16","32.0","32","17","5","34","12","1.35","9.66","3.27","4.18","351.4","19361"
"Noe Ramirez","Angels","1","1","0","4.31","0","21","22.0","20","11","4","24","7","1.24","9.87","3.03","4.18","600.4","12800"
"Ronald Bolanos","","1","0","0","5.43","1","2","6.0","6","4","1","6","3","1.58","8.65","4.97","4.18","999.0","20041"
"Cody Stashak","Twins","1","1","0","4.65","0","11","12.0","12","6","2","12","3","1.20","9.20","2.03","4.18","999.0","18088"
"Kevin Gausman","Giants","3","4","0","4.38","10","10","54.0","56","27","7","51","17","1.33","8.35","2.81","4.18","384.2","14107"
"Spencer Turnbull","Tigers","2","4","0","4.52","9","12","53.0","53","27","7","50","20","1.37","8.51","3.31","4.18","475.2","16207"
"Ryne Harper","Nationals","0","1","0","4.18","0","11","11.0","11","5","2","10","3","1.29","8.52","2.47","4.18","999.0","12680"
"Michael Pineda","Twins","1","1","0","4.40","3","5","19.0","20","9","3","18","4","1.27","8.67","2.01","4.19","536.3","5372"
"Carlos Estevez","Rockies","1","1","2","4.35","0","23","24.0","23","11","4","26","9","1.33","9.67","3.30","4.19","599.9","14542"
"Pedro Strop","Reds","1","1","1","4.08","0","22","21.0","19","9","3","22","9","1.31","9.66","3.78","4.19","600.0","4070"
"Reyes Moronta","Giants","0","0","0","4.42","0","7","7.0","6","3","1","8","3","1.36","10.45","4.71","4.19","596.1","14966"
"David Peterson","Mets","1","1","0","4.43","3","5","19.0","20","9","2","17","8","1.46","7.82","3.55","4.19","600.9","sa829588"
"Matt Magill","Mariners","1","1","3","4.19","0","21","22.0","21","10","3","24","9","1.33","9.89","3.55","4.19","360.5","3950"
"Andrew Miller","Cardinals","1","1","1","4.00","0","22","20.0","17","9","3","24","9","1.28","10.75","3.77","4.20","543.2","6785"
"Ryan Helsley","Cardinals","1","1","1","3.86","0","20","23.0","21","10","3","22","9","1.32","8.69","3.65","4.20","352.7","18138"
"Richard Rodriguez","Pirates","1","1","1","4.00","0","24","24.0","23","11","4","25","8","1.28","9.17","2.86","4.20","599.5","13549"
"Yoshihisa Hirano","Mariners","1","1","6","4.21","0","22","21.0","19","10","3","21","8","1.32","8.99","3.50","4.20","503.4","19756"
"Chris Bassitt","Athletics","2","2","0","4.16","5","12","39.0","37","18","5","36","13","1.29","8.31","3.05","4.20","457.2","12304"
"Patrick Sandoval","Angels","2","2","0","4.39","6","7","34.0","33","17","4","34","15","1.41","9.08","3.90","4.20","587.5","19447"
"Chad Sobotka","","0","0","0","4.50","0","8","8.0","7","4","1","9","4","1.45","10.71","4.55","4.20","999.0","17470"
"Hector Rondon","Diamondbacks","1","1","1","4.16","0","22","22.0","21","10","3","20","7","1.32","8.17","2.97","4.21","600.2","2391"
"Dan Altavilla","Mariners","1","1","0","4.26","0","14","14.0","12","7","2","17","7","1.34","10.87","4.44","4.21","600.8","16507"
"Ian Anderson","Braves","1","1","0","4.51","4","4","18.0","17","9","2","20","9","1.46","9.71","4.71","4.21","999.0","sa917921"
"Mychal Givens","Orioles","1","1","4","4.15","0","24","25.0","21","12","4","30","10","1.23","10.79","3.52","4.22","310.0","10430"
"Griffin Canning","Angels","2","2","0","4.23","6","6","31.0","28","15","5","32","11","1.27","9.37","3.11","4.22","328.2","19867"
"Kwang-hyun Kim","Cardinals","2","2","0","4.06","6","9","37.0","37","17","5","31","10","1.30","7.72","2.54","4.23","476.2","27458"
"JT Brubaker","","0","0","0","4.98","1","2","6.0","6","3","1","5","2","1.36","7.13","2.88","4.23","999.0","sa875176"
"Yusmeiro Petit","Athletics","1","1","0","3.87","0","27","28.0","26","12","5","24","6","1.13","7.91","1.79","4.23","564.9","4020"
"Matt Manning","Tigers","1","1","0","4.61","2","2","15.0","14","8","2","14","6","1.35","8.23","3.46","4.23","999.0","sa917924"
"Victor Arano","Phillies","0","0","0","4.24","0","12","12.0","12","6","2","14","5","1.33","10.00","3.33","4.23","601.0","15915"
"Sam Coonrod","Giants","1","1","0","4.11","0","16","16.0","15","7","2","14","8","1.48","8.30","4.52","4.24","999.0","17264"
"Gerardo Reyes","","0","0","0","3.99","0","6","6.0","5","3","1","7","3","1.28","10.25","3.70","4.24","999.0","16306"
"Felix Pena","Angels","1","1","0","4.31","1","12","20.0","20","10","3","21","7","1.31","9.49","3.05","4.24","600.3","13403"
"Bryse Wilson","","2","1","0","4.33","3","10","22.0","22","10","3","20","7","1.31","8.19","2.76","4.25","590.3","19990"
"Ian Kennedy","Royals","1","1","10","4.11","0","23","24.0","23","11","4","25","8","1.26","9.12","2.79","4.25","179.9","6986"
"Nate Pearson","Blue Jays","1","2","0","4.33","5","7","28.0","26","13","4","26","9","1.24","8.55","2.85","4.25","999.0","sa3005097"
"Grant Dayton","Braves","0","0","0","3.83","0","11","11.0","10","5","2","12","3","1.15","9.77","2.25","4.25","999.0","11203"
"Jake Odorizzi","Twins","4","3","0","4.30","11","11","60.0","56","29","9","63","22","1.29","9.38","3.25","4.25","175.2","6397"
"Kyle Crick","Pirates","1","1","2","4.16","0","23","23.0","21","11","3","26","12","1.41","9.96","4.63","4.26","527.0","13182"
"Fernando Romero","Twins","0","0","0","4.64","0","5","6.0","6","3","1","5","3","1.51","8.14","4.39","4.26","999.0","15885"
"Pedro Baez","Dodgers","1","1","0","3.75","0","24","23.0","20","10","3","24","9","1.24","9.26","3.32","4.26","565.6","5420"
"Michael Kopech","White Sox","2","3","0","4.47","7","11","40.0","36","20","6","45","18","1.37","10.23","4.13","4.26","381.7","17282"
"Austin Gomber","Cardinals","1","1","0","4.35","1","8","12.0","12","6","2","11","5","1.37","8.19","3.45","4.26","600.8","16561"
"Joely Rodriguez","Rangers","1","1","0","4.56","0","16","16.0","16","8","2","15","7","1.43","8.46","3.86","4.26","598.2","11487"
"Sixto Sanchez","Marlins","1","1","0","3.83","3","3","17.0","17","7","2","14","5","1.25","7.04","2.36","4.26","999.0","sa873550"
"Tommy Hunter","Phillies","0","1","0","4.13","0","9","9.0","9","4","1","8","2","1.22","7.92","2.21","4.27","999.0","1157"
"Jon Duplantier","","1","1","0","4.39","1","12","17.0","16","8","2","16","8","1.43","8.57","4.49","4.27","596.9","19546"
"Carlos Martinez","Cardinals","3","3","1","3.89","6","16","46.0","42","20","5","45","19","1.32","8.65","3.66","4.27","163.7","11682"
"Josh A. Smith","Marlins","0","0","0","5.13","0","13","11.0","13","6","2","11","4","1.61","9.00","3.62","4.28","999.0","10946"
"Michael Rucker","Cubs","0","0","0","4.64","0","7","8.0","8","4","1","8","3","1.41","8.70","3.59","4.28","999.0","sa919117"
"Robbie Erlin","","0","1","0","4.75","1","6","13.0","14","7","2","10","3","1.36","7.16","2.39","4.28","999.0","10354"
"Hansel Robles","Angels","1","1","10","3.69","0","24","24.0","22","10","4","26","9","1.25","9.63","3.27","4.28","133.4","11801"
"Devin Smeltzer","Twins","1","1","0","4.48","1","8","14.0","14","7","2","12","4","1.27","7.52","2.30","4.28","600.8","19487"
"Joey Lucchesi","Padres","3","4","0","4.30","10","11","59.0","57","28","8","55","21","1.32","8.45","3.20","4.29","253.4","19320"
"Tarik Skubal","Tigers","1","1","0","4.26","3","5","17.0","16","8","3","19","7","1.35","10.04","3.66","4.29","594.1","sa3007593"
"Amir Garrett","Reds","1","1","0","3.92","0","24","23.0","20","10","3","28","12","1.38","10.82","4.49","4.29","599.9","14375"
"Buck Farmer","Tigers","1","1","1","4.23","0","25","25.0","24","12","3","25","10","1.36","9.10","3.51","4.29","591.3","14814"
"Collin McHugh","Red Sox","3","2","0","4.39","7","11","44.0","42","21","6","44","15","1.30","9.04","3.06","4.29","582.3","7531"
"Phil Maton","Indians","1","0","0","4.55","0","12","13.0","12","6","2","13","5","1.32","9.71","3.26","4.29","999.0","18064"
"Daniel Ponce de Leon","Cardinals","1","1","0","4.13","2","11","22.0","19","10","3","21","11","1.38","8.73","4.41","4.30","572.4","16110"
"Pierce Johnson","Padres","0","1","0","5.20","0","11","11.0","10","7","2","12","5","1.37","9.56","4.16","4.31","600.2","13435"
"Matt Wisler","Twins","1","1","0","5.04","0","11","13.0","13","7","2","12","3","1.27","8.80","2.29","4.31","999.0","12804"
"Blake Parker","","0","0","0","4.49","0","13","13.0","13","7","2","13","5","1.35","9.29","3.47","4.31","589.0","5224"
"Luis Perdomo","Padres","0","0","0","4.19","0","11","13.0","14","6","1","10","4","1.39","7.06","2.79","4.31","999.0","14682"
"Robert Stephenson","Reds","1","1","1","3.97","0","21","22.0","18","10","4","27","9","1.25","10.99","3.83","4.32","598.9","13594"
"Shaun Anderson","","1","1","1","4.35","0","17","19.0","19","9","2","15","6","1.35","7.35","3.00","4.32","585.5","19453"
"Domingo German","Yankees","1","1","0","4.36","3","4","22.0","20","11","4","24","7","1.23","9.64","2.77","4.32","570.9","17149"
"Devin Williams","Brewers","0","0","0","3.93","0","9","10.0","8","4","1","11","5","1.43","9.90","5.03","4.32","999.0","15816"
"Dallas Keuchel","White Sox","4","4","0","4.16","10","10","64.0","66","30","8","51","21","1.36","7.09","2.96","4.32","284.2","9434"
"J.B. Wendelken","Athletics","1","1","0","3.94","0","13","14.0","13","6","2","13","5","1.36","8.91","3.63","4.32","999.0","14506"
"Chris Devenski","Astros","1","1","0","4.40","0","22","22.0","20","11","4","24","7","1.22","9.72","2.68","4.32","598.7","12763"
"Jared Hughes","Mets","1","1","0","4.10","0","11","11.0","11","5","1","8","4","1.36","6.71","3.37","4.32","999.0","9325"
"Demarcus Evans","","0","0","0","4.91","0","7","7.0","7","4","1","9","5","1.58","11.43","6.20","4.33","589.8","sa875783"
"Trevor Cahill","","1","1","0","4.55","1","12","19.0","19","10","2","17","8","1.39","7.85","3.62","4.33","599.3","6249"
"Bud Norris","","0","0","0","4.25","0","10","10.0","9","5","2","11","4","1.36","10.19","3.59","4.33","999.0","9492"
"Rafael Montero","Rangers","1","1","1","3.77","0","22","24.0","22","10","3","26","8","1.28","9.69","3.17","4.34","544.0","12760"
"Hunter Harvey","Orioles","1","1","5","4.38","0","20","21.0","20","10","3","23","8","1.35","9.88","3.58","4.34","275.3","15507"
"Keynan Middleton","Angels","1","1","2","3.62","0","19","18.0","17","7","3","19","7","1.35","9.11","3.68","4.34","597.0","15264"
"Jonathan Holder","Yankees","1","1","0","4.65","0","14","14.0","14","7","2","14","4","1.27","9.21","2.56","4.34","999.0","16588"
"James Hoyt","Indians","0","0","0","3.97","0","10","10.0","9","4","1","11","4","1.33","9.71","3.54","4.35","999.0","14605"
"Tanner Rainey","Nationals","1","1","0","4.44","0","22","21.0","16","10","3","28","15","1.47","12.13","6.34","4.35","598.6","17610"
"Robbie Ray","Diamondbacks","4","3","0","4.40","11","11","61.0","53","30","10","75","30","1.37","11.13","4.47","4.35","164.8","11486"
"Kyle Ryan","Cubs","1","1","0","4.23","0","23","22.0","22","10","2","19","10","1.44","7.76","4.11","4.35","999.0","11753"
"Luke Gregerson","","0","0","0","4.88","0","11","10.0","11","5","1","8","3","1.41","7.32","2.97","4.35","999.0","4090"
"Bryan Abreu","Astros","1","1","0","4.25","0","16","17.0","15","8","2","21","10","1.44","10.83","5.30","4.35","592.1","16609"
"Dillon Tate","Orioles","0","0","0","4.72","0","8","10.0","10","5","1","8","3","1.36","6.98","3.06","4.35","999.0","17796"
"Mike Minor","Rangers","4","4","0","4.27","11","11","67.0","65","32","11","63","21","1.29","8.46","2.84","4.36","172.4","10021"
"Trevor Richards","","1","1","0","4.19","3","12","23.0","22","11","4","23","8","1.29","8.85","3.22","4.36","589.7","19309"
"Jeff Brigham","Marlins","0","0","0","4.82","0","10","11.0","11","6","2","11","5","1.35","8.88","3.63","4.36","999.0","16631"
"Jose De Leon","","1","1","0","4.89","1","7","11.0","11","6","2","13","5","1.43","10.29","4.32","4.37","599.2","15463"
"Casey Sadler","Cubs","1","1","0","3.81","0","11","13.0","14","6","2","11","4","1.38","7.32","2.99","4.38","999.0","11209"
"Steve Cishek","White Sox","1","1","1","3.93","0","23","22.0","20","10","3","21","9","1.31","8.74","3.74","4.38","595.2","6483"
"Rich Hill","Twins","3","2","0","4.07","8","9","46.0","41","21","7","50","15","1.23","9.80","3.02","4.38","186.2","4806"
"David Phelps","Brewers","1","1","0","4.09","0","21","21.0","20","10","3","21","10","1.41","9.04","4.08","4.38","999.0","6316"
"Enderson Franco","","0","0","0","4.51","0","7","8.0","8","4","1","6","3","1.42","7.75","3.24","4.38","999.0","11896"
"John Gant","Cardinals","1","1","0","4.04","0","20","23.0","21","10","3","20","10","1.39","8.03","4.07","4.38","597.9","13684"
"J.P. Feyereisen","","1","1","0","4.37","0","10","10.0","9","5","1","11","5","1.40","10.22","4.81","4.38","999.0","sa829227"
"Rogelio Armenteros","Astros","0","0","0","3.98","1","6","9.0","9","4","1","8","3","1.43","8.80","3.45","4.38","600.8","17679"
"Dylan Cease","White Sox","3","3","0","4.54","9","9","49.0","46","25","7","51","22","1.40","9.33","4.05","4.39","280.9","18525"
"Brent Suter","Brewers","2","1","0","4.17","1","22","31.0","31","14","5","26","7","1.24","7.74","2.09","4.39","584.2","13942"
"Kyle Wright","Braves","2","2","0","4.87","5","7","27.0","27","14","4","24","10","1.39","7.94","3.51","4.39","490.2","19665"
"Robert Gsellman","Mets","1","1","0","4.43","0","19","22.0","22","11","3","19","8","1.34","7.79","3.07","4.39","600.7","13696"
"Austin Davis","","0","0","0","5.19","0","6","7.0","7","4","1","8","3","1.43","9.90","4.26","4.40","999.0","17117"
"Nathan Eovaldi","Red Sox","3","3","0","4.45","10","10","55.0","55","27","9","53","18","1.34","8.62","2.99","4.40","276.5","9132"
"Hunter Wood","Indians","1","1","0","4.31","0","14","15.0","14","7","2","14","5","1.29","8.62","2.94","4.40","999.0","15091"
"Pat Neshek","","1","0","0","3.49","0","12","10.0","10","4","2","9","2","1.13","7.39","1.43","4.40","598.7","4682"
"Tyler Mahle","Reds","2","3","0","4.45","4","16","35.0","35","17","6","34","11","1.31","8.79","2.82","4.40","572.5","16358"
"Tyler Anderson","Giants","2","2","0","4.50","5","11","31.0","30","16","5","30","10","1.29","8.69","2.93","4.40","588.9","12880"
"Josh Lindblom","Brewers","3","4","0","4.51","10","10","57.0","58","28","9","53","17","1.32","8.37","2.70","4.41","349.8","7882"
"James Marvel","Pirates","0","0","0","4.62","1","1","6.0","6","3","1","3","2","1.35","5.58","2.66","4.41","999.0","19675"
"Kevin McCarthy","Royals","0","1","0","4.27","0","14","15.0","16","7","2","10","5","1.42","6.06","3.01","4.41","999.0","15240"
"Cal Quantrill","Padres","1","2","0","4.63","3","11","25.0","27","13","4","21","7","1.37","7.62","2.70","4.41","594.9","19312"
"Jose Quintana","Cubs","3","3","0","4.48","8","8","45.0","47","22","6","39","14","1.36","7.86","2.85","4.42","552.8","11423"
"Justin Anderson","Angels","1","1","0","4.51","0","15","14.0","13","7","2","16","8","1.44","10.15","5.02","4.42","999.0","16201"
"Bernardo Flores","","0","0","0","4.56","0","6","7.0","9","4","1","7","2","1.47","8.53","2.29","4.42","999.0","sa874080"
"Wilmer Font","Blue Jays","1","1","0","4.64","0","14","17.0","16","9","3","18","5","1.28","9.67","2.92","4.43","599.5","5257"
"Madison Bumgarner","Diamondbacks","4","3","0","4.41","11","11","67.0","67","33","11","62","18","1.26","8.27","2.36","4.43","140.4","5524"
"Nick Ramirez","Tigers","1","0","0","4.76","0","12","15.0","16","8","2","13","6","1.48","7.64","3.90","4.43","999.0","12575"
"Aaron Civale","","3","3","0","4.21","9","9","50.0","53","24","8","40","12","1.29","7.21","2.23","4.43","239.4","19479"
"Marco Gonzales","Mariners","4","4","0","4.39","11","11","65.0","69","32","10","50","18","1.32","6.84","2.42","4.43","525.0","15467"
"Dany Jimenez","Giants","0","0","0","4.04","0","8","8.0","7","3","1","8","3","1.28","9.59","3.64","4.43","999.0","sa885967"
"Jimmy Cordero","White Sox","1","1","0","4.15","0","15","15.0","15","7","2","13","7","1.44","7.87","4.20","4.43","999.0","15690"
"Brad Keller","Royals","3","4","0","4.39","11","11","61.0","62","30","7","45","24","1.42","6.69","3.61","4.44","572.0","15734"
"Kyle Gibson","Rangers","3","4","0","4.57","11","11","62.0","64","31","9","57","23","1.41","8.26","3.30","4.44","443.5","10123"
"Michel Baez","Padres","0","0","0","4.08","0","9","9.0","8","4","1","10","5","1.32","9.36","4.44","4.44","999.0","20100"
"Nick Pivetta","Phillies","2","2","0","4.70","3","19","33.0","32","17","5","34","12","1.34","9.30","3.32","4.44","587.5","15454"
"Alex Wood","Dodgers","3","3","0","4.03","9","9","48.0","48","22","7","42","13","1.25","7.77","2.34","4.44","242.8","13781"
"John Schreiber","","1","1","0","4.96","0","13","13.0","13","7","2","14","5","1.34","9.53","3.30","4.45","999.0","20020"
"Cole Hamels","Braves","3","3","0","4.34","9","9","52.0","51","25","7","49","19","1.35","8.56","3.33","4.45","306.2","4972"
"Junior Guerra","Diamondbacks","1","1","0","4.49","0","21","23.0","22","11","3","21","10","1.39","8.22","3.79","4.45","600.9","5702"
"Michael Fulmer","Tigers","2","2","0","4.72","6","6","34.0","35","18","5","29","10","1.34","7.67","2.69","4.46","562.9","13218"
"Kyle Bird","Rangers","0","0","0","4.79","0","5","5.0","5","3","1","4","2","1.44","7.12","3.89","4.46","999.0","16618"
"Tyler Webb","Cardinals","1","1","0","4.40","0","18","17.0","16","8","2","15","6","1.33","7.99","3.43","4.46","600.6","14974"
"Steven Matz","Mets","3","3","0","4.35","10","10","57.0","57","27","9","52","19","1.33","8.32","3.01","4.47","290.2","13361"
"Clay Holmes","Pirates","1","1","0","4.60","0","18","21.0","21","11","2","20","13","1.62","8.55","5.47","4.47","999.0","13649"
"James Kaprielian","","0","0","0","4.34","0","4","6.0","5","3","1","5","2","1.42","8.55","3.93","4.47","999.0","sa658943"
"Ben Heller","","0","0","0","4.23","0","8","8.0","7","4","1","9","4","1.31","10.09","3.86","4.47","999.0","15100"
"Matt Hall","","2","1","0","5.34","4","9","24.0","25","14","4","23","10","1.47","8.78","3.68","4.47","999.0","18076"
"Jandel Gustave","","0","0","0","4.15","0","12","12.0","12","5","1","9","5","1.42","6.79","3.60","4.47","999.0","14665"
"Ranger Suarez","Phillies","1","1","0","3.98","0","14","17.0","18","8","3","14","6","1.35","7.38","2.91","4.47","999.0","17277"
"Drew VerHagen","","1","1","0","4.63","0","9","15.0","16","8","2","13","6","1.44","7.58","3.30","4.47","999.0","13424"
"Blake Wood","","0","0","0","4.12","0","5","5.0","5","2","1","5","2","1.45","8.90","4.09","4.48","999.0","1345"
"Tony Cingrani","","0","0","0","4.76","0","10","9.0","8","5","1","9","4","1.39","9.42","3.90","4.48","999.0","12555"
"Reggie McClain","","0","0","0","4.83","0","6","7.0","8","4","1","6","3","1.52","7.05","3.76","4.48","999.0","19311"
"Matt Andriese","Angels","2","2","0","4.72","4","13","31.0","32","16","5","30","10","1.35","8.77","2.96","4.48","600.2","12022"
"Duane Underwood Jr.","Cubs","0","0","0","5.05","0","7","7.0","7","4","1","7","3","1.51","8.76","4.21","4.49","999.0","14677"
"Masahiro Tanaka","Yankees","4","3","0","4.33","10","10","62.0","63","30","11","54","14","1.25","7.93","2.06","4.49","231.0","15764"
"Edgar Garcia","","1","0","0","5.22","0","9","9.0","8","5","2","10","3","1.27","10.29","3.24","4.49","999.0","sa282907"
"Jalen Beeks","Rays","1","2","0","4.26","2","13","22.0","21","10","3","20","8","1.35","8.14","3.43","4.49","596.7","17192"
"Deivi Garcia","","1","1","0","5.09","1","3","11.0","10","6","2","13","5","1.39","10.10","4.25","4.49","999.0","sa916944"
"Heath Hembree","Red Sox","1","1","0","4.47","0","19","19.0","17","9","3","21","7","1.33","10.10","3.49","4.50","999.0","11632"
"T.J. McFarland","Athletics","1","1","0","4.27","0","17","18.0","20","9","2","11","6","1.43","5.49","2.98","4.50","999.0","3237"
"Dakota Hudson","Cardinals","4","4","0","4.31","11","11","61.0","61","29","7","45","27","1.45","6.63","4.03","4.50","406.8","19206"
"Randy Rosario","Royals","0","0","0","4.73","0","10","10.0","11","5","1","7","4","1.53","6.60","3.59","4.51","999.0","14508"
"Chris Stratton","Pirates","1","1","0","4.80","1","14","21.0","22","11","3","18","8","1.43","7.67","3.35","4.51","999.0","13761"
"Daniel Hudson","Nationals","1","1","3","4.03","0","23","23.0","22","10","3","23","9","1.32","8.77","3.51","4.51","258.7","7146"
"Fernando Rodney","","0","0","0","4.88","0","10","9.0","9","5","1","9","5","1.52","9.13","4.88","4.51","600.9","494"
"Genesis Cabrera","","0","0","0","4.64","0","8","10.0","9","5","1","9","4","1.38","8.56","3.69","4.51","999.0","17490"
"Rick Porcello","Mets","4","4","0","4.74","11","11","64.0","67","34","11","55","16","1.30","7.75","2.29","4.51","459.0","2717"
"Anthony DeSclafani","Reds","3","3","0","4.49","10","10","54.0","55","27","10","52","16","1.29","8.66","2.58","4.51","249.5","13050"
"Brett Anderson","Brewers","3","3","0","4.64","9","9","48.0","54","25","6","29","13","1.42","5.40","2.51","4.52","589.4","8223"
"Tony Gonsolin","Dodgers","2","1","0","4.24","3","11","25.0","23","12","4","24","10","1.34","8.73","3.55","4.52","536.8","19388"
"Juan Nicasio","Rangers","0","0","1","4.35","0","6","6.0","6","3","1","6","2","1.32","8.18","2.87","4.53","999.0","7731"
"Kelvin Herrera","White Sox","1","1","1","4.55","0","18","18.0","18","9","3","17","6","1.35","8.76","3.07","4.53","599.7","6033"
"Richard Bleier","Orioles","1","1","1","4.40","0","22","24.0","26","11","3","13","5","1.35","5.09","2.01","4.53","601.0","7803"
"Tyler Alexander","Tigers","1","1","0","4.78","0","13","17.0","18","9","3","14","3","1.31","7.72","1.79","4.53","999.0","17735"
"Sergio Romo","Twins","1","1","2","4.46","0","23","22.0","21","11","4","22","7","1.29","9.01","2.78","4.53","576.6","9817"
"Casey Mize","Tigers","1","1","0","4.80","3","4","16.0","17","9","3","14","4","1.33","7.72","2.43","4.53","999.0","sa3008444"
"Brandon Bielak","Astros","0","0","0","5.06","1","2","6.0","6","4","1","6","2","1.40","8.06","3.58","4.54","999.0","sa915815"
"Aaron Barrett","","1","0","0","4.99","0","12","10.0","11","6","1","9","4","1.44","8.05","3.82","4.55","999.0","11243"
"Yoan Lopez","Diamondbacks","1","1","0","4.19","0","19","18.0","18","9","3","15","7","1.32","7.42","3.18","4.55","590.3","17181"
"Sean Manaea","Athletics","4","3","0","4.05","10","10","56.0","54","25","8","49","15","1.23","7.86","2.35","4.56","182.5","15873"
"Joseph Palumbo","","1","1","0","5.11","1","4","8.0","8","4","1","9","4","1.43","10.15","4.10","4.56","600.0","17035"
"Sean Newcomb","Braves","2","2","0","4.15","5","16","41.0","38","19","5","39","18","1.39","8.62","4.09","4.56","473.6","16943"
"Jonathan Hernandez","Rangers","0","0","0","5.03","0","10","12.0","12","6","2","11","6","1.52","8.62","4.37","4.57","999.0","17464"
"Yohander Mendez","Rangers","0","0","0","5.59","0","6","7.0","7","4","1","7","3","1.40","9.16","3.49","4.57","999.0","14391"
"J.A. Happ","Yankees","4","3","0","4.58","11","11","58.0","58","29","10","54","18","1.32","8.44","2.86","4.57","324.9","7410"
"Adam Wainwright","Cardinals","3","3","0","4.62","9","9","49.0","52","25","7","41","18","1.44","7.49","3.35","4.58","549.2","2233"
"Touki Toussaint","Braves","0","1","0","4.26","1","4","9.0","8","4","1","9","5","1.45","9.14","4.60","4.58","600.9","16929"
"Jimmy Nelson","Dodgers","0","0","0","4.40","1","2","7.0","7","4","1","9","3","1.40","10.34","3.77","4.58","595.2","10547"
"Daniel Norris","Tigers","2","3","0","4.78","9","9","48.0","51","26","8","43","16","1.40","8.06","2.98","4.58","597.3","13475"
"Luis Garcia","","0","0","1","4.54","0","8","8.0","8","4","1","8","4","1.46","8.60","4.23","4.58","999.0","6984"
"Jose Quijada","Angels","1","0","0","4.74","0","10","10.0","9","5","2","12","5","1.40","11.02","4.60","4.58","999.0","19200"
"Trevor Oaks","","1","0","0","4.80","0","3","7.0","7","4","1","4","2","1.50","4.92","3.37","4.58","999.0","16468"
"Eric Yardley","","0","0","0","4.21","0","5","5.0","6","2","1","4","2","1.51","6.50","3.02","4.58","999.0","15538"
"Sam Gaviglio","Blue Jays","1","1","0","4.68","0","19","23.0","24","12","4","21","6","1.30","7.90","2.46","4.58","999.0","12778"
"T.J. Zeuch","","0","0","0","4.51","0","6","8.0","8","4","1","5","4","1.47","5.26","3.90","4.58","999.0","19269"
"Ryan Weber","Red Sox","1","2","0","4.81","6","7","34.0","40","18","5","23","10","1.44","5.98","2.54","4.59","598.2","10160"
"Yimi Garcia","Marlins","1","1","1","4.49","0","19","20.0","18","10","4","20","5","1.20","8.94","2.38","4.59","599.3","12095"
"Geoff Hartlieb","","1","0","0","4.82","0","8","9.0","9","5","1","8","4","1.43","8.62","3.82","4.59","999.0","19558"
"Taylor Guilbeau","Mariners","0","0","0","4.02","0","10","10.0","10","4","1","8","4","1.40","7.50","3.69","4.59","999.0","18306"
"Derek Law","","0","0","0","4.62","0","6","7.0","7","4","1","7","4","1.52","8.41","4.56","4.59","999.0","13133"
"Alec Mills","Cubs","2","2","0","4.61","5","10","34.0","35","17","5","31","12","1.38","8.09","3.21","4.59","584.5","13834"
"Caleb Smith","Marlins","3","4","0","4.58","10","10","59.0","54","30","10","61","22","1.30","9.33","3.44","4.60","245.9","14875"
"Paul Sewald","","0","0","0","4.66","0","7","7.0","7","4","1","7","2","1.38","8.30","2.98","4.60","999.0","13892"
"Elvis Luciano","Blue Jays","0","0","0","5.15","0","8","9.0","10","5","1","8","4","1.49","7.50","4.19","4.60","999.0","20632"
"Cy Sneed","Astros","0","0","0","4.99","0","6","8.0","8","4","1","7","3","1.31","7.84","3.14","4.60","999.0","16106"
"Jordan Yamamoto","Marlins","2","4","0","4.65","9","9","51.0","48","26","8","47","21","1.36","8.36","3.72","4.60","575.9","17585"
"Tyler Clippard","Twins","1","1","1","4.48","0","19","19.0","18","10","4","21","7","1.28","9.63","3.17","4.60","599.5","5640"
"Dylan Bundy","Angels","4","4","0","4.43","11","11","63.0","61","31","11","64","20","1.28","9.19","2.89","4.60","212.9","12917"
"Travis Lakins","Orioles","0","0","0","4.88","0","7","8.0","8","4","1","7","4","1.55","7.77","4.50","4.61","999.0","18600"
"Bryan Shaw","Rockies","1","1","0","5.18","0","19","19.0","20","11","3","16","8","1.48","7.54","3.73","4.61","999.0","8110"
"Trent Thornton","Blue Jays","2","3","0","4.83","7","14","47.0","49","25","8","43","15","1.35","8.22","2.87","4.61","594.0","17948"
"Julian Merryweather","","0","0","0","4.50","0","6","6.0","7","3","1","6","2","1.29","8.94","2.45","4.61","999.0","sa829363"
"Jerry Blevins","","0","0","0","4.75","0","14","10.0","9","5","1","10","4","1.40","9.21","4.01","4.61","999.0","7841"
"Carlos Rodon","White Sox","2","2","0","4.62","4","9","25.0","24","13","4","25","11","1.37","9.13","3.80","4.62","585.5","16137"
"Jakob Junis","Royals","3","4","0","4.78","11","11","64.0","66","34","11","57","18","1.32","8.06","2.60","4.62","588.3","13619"
"Trey Supak","","1","1","0","5.17","2","2","9.0","10","5","1","6","2","1.30","6.23","2.32","4.62","999.0","sa828707"
"Justus Sheffield","Mariners","3","3","0","4.51","9","9","49.0","49","25","7","44","22","1.44","8.04","4.09","4.62","480.4","17285"
"Jacob Waguespack","","1","1","0","4.30","1","11","17.0","18","8","3","15","6","1.39","7.75","3.33","4.62","999.0","18318"
"Chad Kuhl","Pirates","2","3","0","4.97","7","8","38.0","40","21","6","35","15","1.43","8.18","3.44","4.62","598.0","14975"
"Wandy Peralta","Giants","1","1","0","4.49","0","14","13.0","13","6","2","10","6","1.46","6.95","3.97","4.62","999.0","14295"
"Ian Hamilton","White Sox","0","0","0","4.41","0","6","6.0","6","3","1","7","3","1.40","9.62","3.71","4.62","999.0","19261"
"Martin Perez","Red Sox","3","4","0","4.63","11","11","60.0","66","31","8","47","21","1.46","7.07","3.22","4.63","591.5","6902"
"Sandy Alcantara","Marlins","3","4","0","4.49","11","11","64.0","63","32","9","50","26","1.40","6.99","3.64","4.63","313.9","18684"
"Erik Swanson","Mariners","1","1","0","4.64","2","22","29.0","28","15","6","28","8","1.25","8.68","2.49","4.63","999.0","16587"
"Hector Velazquez","","0","0","0","4.94","0","10","14.0","15","8","2","11","6","1.51","7.13","3.61","4.64","999.0","19341"
"Burch Smith","Athletics","0","1","0","5.39","0","7","9.0","9","5","1","9","4","1.46","8.79","4.24","4.64","999.0","12784"
"Jesse Chavez","Rangers","1","1","0","4.65","0","21","24.0","26","13","4","22","7","1.34","8.18","2.52","4.64","999.0","5448"
"Dan Winkler","Cubs","0","0","0","4.77","0","9","8.0","8","4","1","8","5","1.53","8.89","5.20","4.64","999.0","12237"
"Zach Plesac","","3","3","0","4.42","8","8","46.0","46","23","8","38","15","1.32","7.47","2.86","4.64","518.6","19979"
"Dylan Covey","","0","1","0","5.31","1","3","7.0","8","4","1","5","3","1.49","6.71","3.52","4.64","999.0","14825"
"Austin Voth","Nationals","2","3","0","4.57","8","9","45.0","46","23","8","40","15","1.35","7.97","2.98","4.65","384.0","15047"
"Drew Smyly","Giants","2","3","0","4.88","8","9","46.0","44","25","8","45","17","1.35","8.91","3.42","4.65","537.7","11760"
"Dillon Maples","","0","0","0","4.29","0","8","7.0","5","3","1","10","6","1.52","12.69","7.26","4.65","999.0","14672"
"Shawn Armstrong","Orioles","1","1","1","4.65","0","18","19.0","18","10","3","20","9","1.41","9.35","4.10","4.65","999.0","12857"
"Mike Foltynewicz","Braves","4","4","0","4.46","11","11","59.0","58","29","9","55","21","1.33","8.25","3.14","4.65","212.5","10811"
"Mike Mayers","Angels","0","1","0","4.69","0","11","12.0","12","6","2","11","4","1.37","8.50","3.28","4.65","999.0","15451"
"Jordan Romano","Blue Jays","1","1","0","5.10","0","15","15.0","15","8","3","16","6","1.41","9.79","3.54","4.65","600.1","16122"
"Brady Singer","Royals","1","1","0","4.73","3","3","15.0","16","8","2","11","5","1.42","6.59","2.92","4.65","999.0","sa3008613"
"Eric Lauer","Brewers","3","3","0","4.78","9","9","46.0","48","24","8","41","16","1.40","8.07","3.20","4.65","583.6","19316"
"Jonny Venters","","0","0","0","4.35","0","7","6.0","6","3","1","5","3","1.57","8.26","5.26","4.65","999.0","7175"
"Dereck Rodriguez","Giants","1","2","0","4.74","2","11","27.0","28","14","4","20","9","1.36","6.82","3.05","4.66","999.0","14509"
"Jon Lester","Cubs","4","4","0","4.79","11","11","62.0","67","33","10","54","21","1.44","7.86","3.13","4.67","521.5","4930"
"Alex Reyes","","1","1","0","4.68","1","13","15.0","13","8","2","15","9","1.45","9.28","5.26","4.67","557.7","15015"
"Mike Morin","","0","0","0","4.71","0","8","8.0","9","4","1","5","3","1.38","5.76","3.24","4.67","999.0","13442"
"Brett Cecil","Cardinals","0","0","0","5.66","0","6","5.0","6","3","1","5","2","1.57","7.72","4.00","4.67","599.8","2660"
"Zach Duke","","0","0","0","4.85","0","10","9.0","8","5","1","7","4","1.44","7.65","4.13","4.68","999.0","3840"
"Wei-Yin Chen","","0","1","0","5.10","2","5","12.0","12","7","2","11","3","1.36","8.11","2.68","4.69","999.0","13071"
"Forrest Whitley","Astros","1","1","0","4.84","3","3","19.0","18","10","3","21","9","1.40","9.64","4.30","4.69","999.0","sa917930"
"Austin Pruitt","Astros","1","1","0","4.69","3","11","28.0","30","14","4","22","7","1.33","7.25","2.25","4.70","588.5","15290"
"Joe Biagini","Astros","1","1","0","4.93","0","14","14.0","15","8","2","12","5","1.41","7.67","3.43","4.70","999.0","13194"
"Trevor Williams","Pirates","3","4","0","4.95","11","11","60.0","65","33","9","46","19","1.39","6.85","2.83","4.70","594.6","16977"
"Aaron Sanchez","","1","1","0","4.94","2","7","16.0","16","9","2","13","7","1.51","7.71","4.23","4.70","999.0","11490"
"Matt Bowman","Reds","0","0","0","4.91","0","9","9.0","9","5","1","8","4","1.48","7.55","3.93","4.71","999.0","13528"
"Trevor Rosenthal","Royals","0","1","1","5.79","0","13","12.0","11","8","2","14","7","1.50","10.12","5.44","4.71","500.0","10745"
"Merrill Kelly","Diamondbacks","3","4","0","4.93","9","12","54.0","58","30","9","46","19","1.43","7.75","3.17","4.71","547.0","11156"
"Alex Young","Diamondbacks","2","2","0","4.55","4","12","30.0","31","15","5","24","11","1.39","7.34","3.18","4.71","596.6","18333"
"Sean Reid-Foley","","0","1","0","5.01","1","9","13.0","12","7","2","14","7","1.50","9.40","4.89","4.72","999.0","17034"
"Taylor Hearn","","0","1","0","5.99","1","6","7.0","7","5","1","7","4","1.56","9.04","4.95","4.72","999.0","18325"
"Bryan Garcia","Tigers","1","1","0","5.26","0","18","18.0","17","10","3","17","8","1.45","8.81","4.20","4.73","999.0","19457"
"Elieser Hernandez","Marlins","2","3","0","4.65","6","16","39.0","38","20","7","38","13","1.30","8.71","3.00","4.73","591.8","16933"
"Tyler Chatwood","Cubs","3","3","0","4.73","8","12","51.0","49","27","6","46","30","1.54","8.16","5.27","4.73","564.4","4338"
"Josh Osich","","0","0","0","4.94","0","10","10.0","10","5","2","8","4","1.44","7.84","3.35","4.74","999.0","11528"
"Tanner Roark","Blue Jays","3","4","0","4.86","11","11","60.0","63","32","10","52","18","1.37","7.82","2.76","4.74","562.8","8753"
"Shun Yamaguchi","Blue Jays","1","1","0","4.40","2","16","25.0","24","12","4","24","11","1.38","8.70","3.77","4.74","597.2","27460"
"Danny Duffy","Royals","3","4","0","4.69","10","10","57.0","57","29","9","50","21","1.38","7.92","3.32","4.74","548.8","3542"
"Daniel Mengden","Athletics","1","1","0","4.69","2","7","19.0","20","10","3","14","6","1.37","6.46","2.91","4.75","999.0","16980"
"Kyle Keller","","0","0","0","4.72","0","6","6.0","5","3","1","7","3","1.33","9.68","4.20","4.75","999.0","18890"
"Fernando Abad","","0","0","0","4.48","0","7","6.0","7","3","1","5","1","1.29","7.19","2.08","4.75","999.0","4994"
"Jorge Lopez","Royals","2","3","0","5.17","6","13","38.0","41","22","6","32","14","1.44","7.50","3.37","4.75","597.3","14527"
"Steven Brault","Pirates","2","3","0","4.86","8","11","47.0","48","25","6","39","23","1.52","7.52","4.40","4.75","594.6","15291"
"Jose Urena","Marlins","2","3","2","4.49","6","12","41.0","43","21","6","33","13","1.35","7.18","2.79","4.75","593.4","11589"
"Luke Farrell","Rangers","0","0","0","5.37","0","7","9.0","9","6","1","9","5","1.52","9.01","4.75","4.76","999.0","15101"
"Roenis Elias","Nationals","1","1","0","4.25","0","18","20.0","20","9","3","17","7","1.36","7.88","3.34","4.76","598.3","12673"
"Justin Dunn","Mariners","2","3","0","4.71","6","7","32.0","32","17","5","30","14","1.42","8.47","3.83","4.76","590.1","19268"
"Jake Faria","Brewers","0","0","0","4.67","0","5","6.0","6","3","1","6","3","1.47","8.96","4.38","4.76","999.0","13699"
"Zack Godley","","0","1","0","4.94","0","8","13.0","13","7","2","11","5","1.48","7.81","3.83","4.76","999.0","14862"
"Ryan Buchter","","1","0","0","3.93","0","11","10.0","9","4","2","11","4","1.34","9.65","3.91","4.77","600.1","9456"
"Reynaldo Lopez","White Sox","3","4","0","4.58","10","11","61.0","60","31","11","56","21","1.33","8.23","3.14","4.77","337.7","16400"
"Michael Wacha","Mets","3","3","0","4.77","9","11","53.0","55","28","8","44","21","1.45","7.57","3.64","4.77","587.0","14078"
"Paul Blackburn","","0","0","0","4.59","0","4","9.0","10","4","1","6","3","1.41","6.17","2.63","4.77","999.0","14739"
"Wade Miley","Reds","3","3","0","4.53","9","9","50.0","52","25","7","40","20","1.46","7.24","3.61","4.78","562.9","8779"
"Luis Cessa","Yankees","1","0","0","4.55","0","11","16.0","16","8","3","15","6","1.40","8.49","3.18","4.78","600.8","13345"
"Lucas Sims","Reds","1","1","0","4.64","1","17","23.0","20","12","4","27","11","1.34","10.64","4.22","4.78","600.7","13470"
"Jeanmar Gomez","","0","0","0","5.10","0","7","7.0","8","4","1","6","3","1.53","7.32","3.55","4.78","999.0","9033"
"Austin Brice","Red Sox","1","1","0","4.57","0","10","11.0","11","5","2","10","4","1.33","8.49","2.98","4.78","999.0","17237"
"Greg Holland","","1","1","1","4.81","0","19","18.0","17","9","2","18","10","1.52","9.00","5.14","4.78","600.0","7196"
"Carl Edwards Jr.","Mariners","1","1","1","4.45","0","17","17.0","14","8","2","19","9","1.34","10.02","4.63","4.78","600.1","13607"
"Kolby Allard","","1","1","0","4.71","3","5","19.0","21","10","3","15","7","1.46","7.00","3.44","4.78","600.7","18694"
"Ariel Jurado","","0","0","0","5.36","1","5","11.0","13","7","2","7","4","1.52","5.60","3.19","4.79","999.0","17030"
"Tyler Lyons","","0","0","0","4.82","0","6","6.0","6","3","1","6","2","1.38","9.55","3.52","4.79","999.0","11334"
"Jesse Hahn","Royals","1","1","0","5.38","2","15","23.0","24","14","3","20","10","1.50","7.99","4.00","4.79","999.0","13287"
"Vince Velasquez","Phillies","2","3","0","4.87","8","12","43.0","43","23","8","45","17","1.37","9.35","3.43","4.79","584.3","11189"
"Luke Bard","","1","0","0","4.54","0","7","9.0","9","4","2","9","3","1.41","9.16","3.61","4.79","999.0","14288"
"Yusei Kikuchi","Mariners","3","4","0","4.80","10","11","58.0","61","31","10","46","19","1.37","7.06","2.87","4.80","456.2","20633"
"Jimmie Sherfy","Diamondbacks","0","0","0","4.66","0","6","6.0","5","3","1","6","3","1.29","9.57","4.13","4.80","999.0","15118"
"Nestor Cortes","Mariners","1","1","0","4.59","0","12","15.0","15","8","3","14","6","1.38","8.74","3.39","4.80","999.0","17874"
"Tony Sipp","","0","0","0","4.79","0","9","7.0","7","4","1","7","3","1.40","9.12","3.72","4.80","999.0","8280"
"Tyler Bashlor","","0","0","0","4.81","0","5","5.0","5","3","1","5","3","1.45","8.77","4.17","4.81","999.0","15203"
"Cory Gearrin","","0","0","0","4.81","0","10","9.0","9","5","1","8","4","1.41","7.51","3.75","4.81","999.0","7947"
"Nick Neidert","Marlins","1","1","0","4.72","2","4","13.0","14","7","2","10","5","1.46","7.35","3.60","4.82","999.0","sa874797"
"Ryan Borucki","Blue Jays","1","1","0","4.85","2","7","19.0","20","10","3","15","7","1.42","7.31","3.32","4.82","599.8","16350"
"A.J. Cole","Blue Jays","0","0","0","5.15","0","6","8.0","8","4","1","9","3","1.40","10.09","3.65","4.82","999.0","11467"
"Jose Suarez","Angels","0","0","0","5.00","2","3","12.0","12","7","2","11","5","1.44","8.49","3.77","4.83","999.0","19911"
"Jake Arrieta","Phillies","3","3","0","4.69","9","9","49.0","51","25","7","39","17","1.40","7.22","3.22","4.83","575.1","4153"
"Andrew Suarez","Giants","1","2","0","4.71","3","8","24.0","28","13","4","17","9","1.50","6.21","3.29","4.84","999.0","18300"
"Cionel Perez","Astros","0","0","0","4.68","0","5","6.0","6","3","1","6","3","1.42","8.89","4.06","4.84","999.0","19614"
"Kyle McGowin","","0","0","0","5.13","1","5","6.0","6","4","1","6","2","1.34","9.23","2.63","4.84","999.0","15071"
"James Norwood","","0","0","0","4.55","0","6","6.0","5","3","1","6","3","1.36","9.66","4.80","4.84","999.0","16440"
"Zach Eflin","Phillies","3","4","0","4.63","9","10","54.0","57","28","9","42","15","1.36","7.13","2.55","4.85","569.3","13774"
"Miguel Castro","Orioles","1","1","0","4.61","0","22","24.0","23","12","3","21","12","1.46","7.80","4.64","4.85","999.0","15684"
"Homer Bailey","Twins","3","3","0","4.86","9","9","50.0","54","27","8","42","17","1.42","7.60","3.02","4.85","486.0","8362"
"Jason Adam","","0","0","0","4.57","0","6","6.0","4","3","1","6","3","1.28","9.23","4.26","4.85","999.0","11861"
"Bruce Zimmermann","Orioles","0","0","0","4.98","0","4","6.0","6","3","1","5","2","1.49","8.55","3.73","4.85","999.0","sa3004810"
"Matt Albers","","1","0","0","4.98","0","14","14.0","15","8","2","13","6","1.48","8.09","3.75","4.86","999.0","4300"
"Gio Gonzalez","White Sox","3","3","0","4.62","9","12","49.0","49","25","7","43","21","1.43","7.89","3.83","4.86","581.6","7448"
"Mike Montgomery","Royals","2","3","0","4.74","9","10","48.0","52","25","6","35","18","1.46","6.56","3.39","4.87","600.2","4869"
"Jeff Samardzija","Giants","3","5","0","4.59","11","11","64.0","65","33","11","50","20","1.31","6.98","2.72","4.88","382.5","3254"
"Javy Guerra","","0","0","0","5.18","0","11","12.0","12","7","2","9","4","1.39","6.92","3.32","4.88","999.0","7407"
"Nick Margevicius","","0","1","0","5.72","2","4","12.0","13","7","2","9","3","1.44","6.84","2.60","4.88","999.0","20395"
"Anthony Banda","","0","1","0","4.60","0","8","10.0","10","5","1","9","4","1.37","8.30","3.55","4.91","999.0","14706"
"Jarlin Garcia","Giants","1","1","0","4.26","0","17","18.0","17","8","3","14","6","1.33","6.90","3.12","4.91","600.2","18282"
"Yohan Ramirez","Mariners","0","0","0","4.30","0","8","8.0","7","4","1","9","5","1.50","9.59","5.77","4.91","999.0","sa922200"
"Anthony Kay","","1","1","0","4.99","2","5","16.0","17","9","3","15","7","1.46","7.98","3.95","4.91","600.6","20387"
"Jordan Montgomery","Yankees","3","2","0","4.46","8","11","47.0","47","23","8","45","16","1.35","8.55","3.07","4.91","299.4","16511"
"Dovydas Neverauskas","Pirates","0","0","0","5.07","0","9","9.0","9","5","1","9","4","1.44","9.30","4.13","4.91","999.0","11604"
"Arodys Vizcaino","","0","0","0","4.43","0","11","11.0","10","5","2","12","5","1.37","10.10","3.84","4.91","599.0","5498"
"Francisco Liriano","","1","1","0","4.32","0","13","14.0","13","7","2","13","7","1.47","8.54","4.61","4.91","999.0","3201"
"Anibal Sanchez","Nationals","4","4","0","4.62","11","11","60.0","62","31","10","50","20","1.39","7.60","3.07","4.91","434.4","3284"
"Walker Lockett","Mets","0","1","0","5.02","1","5","11.0","12","6","2","8","3","1.40","6.47","2.37","4.92","999.0","13804"
"Matt Shoemaker","Blue Jays","3","3","0","4.46","8","8","47.0","47","23","8","43","15","1.32","8.23","2.89","4.92","406.8","4776"
"Adam Conley","Marlins","1","2","0","4.85","0","19","19.0","20","10","3","17","8","1.45","7.88","3.71","4.92","999.0","14457"
"Jordan Lyles","Rangers","3","3","0","4.84","9","10","49.0","51","26","9","45","19","1.41","8.23","3.45","4.93","550.8","7593"
"Zach Davies","Padres","3","3","0","4.69","10","10","52.0","57","27","7","34","18","1.43","5.91","3.02","4.93","517.7","13183"
"Logan Allen","","2","2","0","4.73","4","9","29.0","30","15","5","25","12","1.43","7.68","3.61","4.93","598.5","18555"
"Jose Ruiz","White Sox","0","0","0","5.21","0","7","7.0","7","4","1","7","4","1.56","8.88","4.86","4.94","999.0","14552"
"Robert Dugger","Marlins","1","1","0","4.95","2","7","16.0","17","9","3","13","6","1.41","7.16","3.22","4.94","999.0","19191"
"Johnny Cueto","Giants","3","4","0","4.44","10","10","55.0","56","27","8","44","18","1.35","7.24","3.02","4.94","376.5","6893"
"Gregory Soto","Tigers","0","1","0","4.97","0","14","17.0","17","10","3","15","9","1.52","7.79","4.61","4.94","999.0","19677"
"Michael Shawaryn","","0","0","0","4.56","0","5","7.0","7","3","1","6","3","1.50","8.45","4.05","4.95","999.0","19495"
"Huascar Ynoa","","0","1","0","5.26","0","5","7.0","7","4","1","6","3","1.57","8.34","4.23","4.95","999.0","20468"
"Wade Davis","Rockies","1","1","5","5.50","0","22","22.0","21","13","3","22","11","1.48","8.97","4.57","4.96","261.0","7441"
"Thomas Pannone","","1","0","0","4.79","0","10","13.0","13","7","3","13","5","1.37","8.74","3.42","4.97","999.0","17281"
"Taylor Clarke","","1","1","0","5.19","2","8","18.0","19","10","3","15","6","1.41","7.28","3.23","4.97","999.0","17611"
"Cristian Javier","Astros","1","0","0","5.10","2","4","9.0","8","5","2","12","5","1.45","11.49","5.15","4.97","600.9","sa874816"
"Yacksel Rios","Pirates","0","1","0","5.62","0","8","8.0","9","5","1","8","4","1.63","8.11","4.61","4.97","999.0","15007"
"Jharel Cotton","Cubs","0","0","0","4.37","1","7","9.0","10","5","2","8","4","1.48","7.64","3.58","4.97","600.8","13654"
"Jake McGee","Rockies","1","1","0","5.31","0","18","18.0","19","10","3","15","6","1.39","7.67","2.82","4.98","999.0","7550"
"David McKay","Tigers","0","1","0","5.03","0","13","14.0","12","8","2","16","8","1.54","10.65","5.58","4.98","999.0","19814"
"Erick Fedde","","1","1","0","5.10","4","8","24.0","26","13","4","16","9","1.49","6.27","3.40","4.99","999.0","17425"
"Dario Agrazal","Tigers","0","1","0","5.30","0","2","6.0","7","4","1","4","1","1.30","5.15","1.69","5.00","999.0","15821"
"John Means","Orioles","3","5","0","4.90","11","11","61.0","65","33","12","47","16","1.34","6.96","2.42","5.00","408.3","16269"
"Josh Staumont","Royals","0","1","0","4.33","0","12","13.0","11","6","2","14","9","1.58","9.65","6.38","5.01","600.6","18335"
"Kyle Hart","","1","1","0","4.99","3","4","15.0","17","9","3","12","6","1.47","6.96","3.51","5.02","999.0","sa918414"
"Tyson Ross","","1","2","0","4.88","3","6","15.0","14","8","2","11","7","1.42","6.73","4.11","5.02","999.0","7872"
"Tayron Guerrero","White Sox","0","0","3","5.24","0","7","7.0","6","4","1","7","4","1.52","8.82","5.45","5.02","999.0","11691"
"Kendall Graveman","Mariners","2","3","0","5.10","7","7","41.0","48","23","7","30","13","1.49","6.44","2.92","5.02","599.6","15514"
"Daniel Gossett","","0","0","0","5.13","1","2","5.0","6","3","1","4","2","1.36","7.18","3.10","5.03","999.0","16164"
"Anthony Swarzak","Phillies","0","0","0","4.76","0","14","13.0","14","7","3","13","5","1.40","8.86","3.50","5.03","999.0","7466"
"Kyle Freeland","Rockies","3","4","0","5.16","10","10","56.0","62","32","9","43","21","1.48","6.86","3.37","5.04","582.2","16256"
"Rony Garcia","Tigers","0","1","0","5.41","0","13","14.0","15","8","2","12","5","1.44","7.68","3.32","5.04","999.0","sa918036"
"Cody Allen","","0","1","0","5.34","0","10","10.0","10","6","2","12","5","1.44","10.00","4.24","5.05","596.6","12183"
"Jhoulys Chacin","","1","1","0","4.97","4","6","23.0","24","13","4","19","9","1.41","7.46","3.46","5.05","599.1","2608"
"Andrew Cashner","","1","1","0","4.69","3","16","27.0","28","14","4","20","10","1.44","6.84","3.42","5.06","999.0","8782"
"Brad Boxberger","Marlins","1","1","1","4.90","0","16","17.0","16","9","3","17","9","1.51","9.20","4.99","5.06","562.3","10133"
"Hunter Strickland","","0","0","0","5.10","0","8","8.0","8","5","1","7","3","1.39","8.01","3.56","5.06","579.1","7836"
"Ivan Nova","Tigers","2","3","0","5.13","8","11","47.0","56","27","8","30","11","1.43","5.75","2.18","5.08","598.9","1994"
"Ashton Goudeau","","0","1","0","5.12","1","4","9.0","9","5","2","7","3","1.45","7.60","3.24","5.09","999.0","sa658634"
"Chi Chi Gonzalez","Rockies","1","2","0","5.55","3","7","20.0","22","13","3","15","9","1.55","6.47","4.06","5.09","999.0","14663"
"Jaime Barria","","1","1","0","5.13","2","5","14.0","15","8","3","12","4","1.35","7.66","2.79","5.09","601.0","18356"
"Sal Romano","","0","0","0","4.73","0","5","5.0","6","3","1","5","2","1.40","7.84","2.97","5.10","999.0","13690"
"Alex Cobb","Orioles","2","4","0","5.20","10","10","54.0","61","31","10","37","16","1.42","6.23","2.61","5.10","596.5","6562"
"Shawn Kelley","","0","0","0","5.07","0","13","13.0","13","7","3","13","4","1.31","8.80","2.63","5.10","593.9","7773"
"Ryan Tepera","Cubs","1","1","0","4.46","0","17","17.0","16","8","3","16","7","1.35","8.24","3.68","5.10","999.0","10291"
"Kyle Zimmer","","0","0","0","5.89","0","8","9.0","10","6","1","8","5","1.60","7.70","5.07","5.11","999.0","14169"
"Jacob Webb","","0","0","0","3.99","0","9","9.0","8","4","2","8","4","1.35","7.99","4.12","5.12","999.0","19274"
"Taijuan Walker","Mariners","2","3","0","4.68","9","9","44.0","45","23","7","40","16","1.38","8.04","3.18","5.13","565.7","11836"
"Clay Buchholz","","1","1","0","5.36","2","2","11.0","13","7","2","8","3","1.41","6.41","2.59","5.13","999.0","3543"
"Corey Oswalt","","1","0","0","5.37","2","3","8.0","10","5","2","7","2","1.49","7.61","2.62","5.13","999.0","13677"
"Yency Almonte","Rockies","0","0","0","5.67","0","11","11.0","12","7","2","10","7","1.69","7.93","5.29","5.15","999.0","15068"
"Glenn Sparkman","Royals","1","1","0","5.44","3","9","22.0","26","13","4","14","6","1.46","5.66","2.51","5.15","599.8","15200"
"Addison Reed","","0","0","0","4.97","0","5","5.0","6","3","1","4","2","1.36","7.37","2.50","5.15","999.0","10586"
"Tyler Kinley","Rockies","0","0","0","5.41","0","9","9.0","9","5","1","8","5","1.58","8.69","5.19","5.16","999.0","18297"
"Cody Anderson","","0","0","0","4.84","0","5","7.0","8","4","1","6","3","1.47","8.00","3.65","5.17","999.0","12799"
"Jefry Rodriguez","Indians","1","1","0","5.18","2","5","14.0","14","8","2","11","7","1.52","6.90","4.41","5.17","600.7","17018"
"Tanner Houck","Red Sox","1","1","0","5.07","2","6","13.0","14","7","2","11","6","1.55","8.04","4.22","5.17","999.0","sa829037"
"Julio Teheran","Angels","3","4","0","4.67","10","10","56.0","53","29","10","51","25","1.39","8.19","3.93","5.17","496.6","6797"
"Mike Fiers","Athletics","4","3","0","4.61","11","11","61.0","64","31","11","47","18","1.34","6.83","2.67","5.18","429.6","7754"
"Aaron Brooks","","1","1","0","5.18","2","4","13.0","15","7","2","8","4","1.45","6.00","2.70","5.19","999.0","12272"
"Jake Newberry","Royals","0","0","0","4.46","0","6","6.0","6","3","1","5","3","1.53","7.93","4.31","5.19","999.0","15136"
"Antonio Senzatela","Rockies","3","4","0","5.53","10","10","52.0","61","32","8","33","20","1.57","5.71","3.48","5.20","999.0","15488"
"Chase Anderson","Blue Jays","3","3","0","4.68","10","10","53.0","52","27","10","46","19","1.34","7.81","3.21","5.21","584.5","6895"
"Jordan Zimmermann","Tigers","2","3","0","5.48","7","9","39.0","46","24","8","28","9","1.41","6.48","2.17","5.21","600.3","4505"
"Derek Holland","","2","3","0","5.13","6","12","37.0","38","21","6","33","16","1.49","8.09","4.01","5.23","999.0","4141"
"Gabriel Ynoa","","1","1","0","5.52","2","4","14.0","18","9","3","9","4","1.47","5.49","2.32","5.23","999.0","12938"
"Justin Miller","Blue Jays","0","0","1","5.37","0","6","5.0","5","3","1","5","2","1.29","9.47","2.85","5.23","999.0","8580"
"Matt Harvey","","0","0","0","5.41","1","1","7.0","8","4","1","5","2","1.45","6.89","3.04","5.25","999.0","11713"
"Victor Alcantara","","0","0","0","4.70","0","5","5.0","6","3","1","4","2","1.48","6.73","3.52","5.25","999.0","15028"
"Dean Kremer","","1","2","0","5.25","5","7","27.0","29","16","5","24","10","1.46","7.90","3.49","5.26","999.0","sa876350"
"Ljay Newsome","Mariners","0","0","0","5.00","0","2","6.0","6","3","1","5","1","1.18","7.37","1.38","5.26","999.0","sa875837"
"Cole Irvin","","0","0","0","4.17","1","5","8.0","9","4","2","6","2","1.35","6.57","2.37","5.27","999.0","19244"
"Adbert Alzolay","","0","1","0","5.14","2","5","13.0","13","7","3","12","6","1.50","8.94","4.33","5.29","600.7","17859"
"Nick Goody","Rangers","1","1","0","4.70","0","18","18.0","17","10","4","21","9","1.40","10.31","4.24","5.29","999.0","13685"
"Dillon Peters","Angels","0","0","0","5.52","1","4","10.0","11","6","2","8","4","1.45","6.94","3.43","5.30","999.0","18790"
"Danny Salazar","","1","1","0","5.27","2","8","19.0","20","11","3","18","9","1.50","8.43","4.02","5.30","599.0","5867"
"Brian Johnson","Red Sox","1","2","0","5.44","4","6","23.0","26","14","4","19","11","1.59","7.37","4.21","5.30","999.0","14272"
"Kohl Stewart","Orioles","1","3","0","5.36","6","8","33.0","37","20","5","22","15","1.57","6.05","4.05","5.31","999.0","15502"
"Edinson Volquez","Rangers","0","0","0","4.80","1","8","9.0","9","5","1","7","4","1.45","7.22","3.71","5.33","999.0","3990"
"Wily Peralta","","0","0","0","5.12","0","11","11.0","12","6","2","9","5","1.57","7.53","4.40","5.35","999.0","7738"
"Peter Lambert","Rockies","1","1","0","5.82","4","5","24.0","28","15","4","15","8","1.53","5.64","2.97","5.35","999.0","17969"
"Chance Adams","Royals","0","0","0","5.24","0","9","14.0","13","8","2","11","7","1.46","7.42","4.40","5.36","999.0","18135"
"Adam Plutko","Indians","2","2","0","5.16","4","14","31.0","33","18","7","24","9","1.35","7.02","2.54","5.37","597.2","15846"
"Ty Blach","Orioles","0","2","0","5.72","2","5","13.0","17","9","2","8","5","1.62","5.40","3.36","5.39","999.0","14361"
"Hector Santiago","","0","0","0","5.31","0","6","8.0","9","5","2","8","4","1.51","8.34","4.02","5.40","999.0","4026"
"Clayton Richard","","1","1","0","5.01","2","2","14.0","16","8","2","9","5","1.53","5.93","3.45","5.40","999.0","3551"
"James Pazos","Rockies","1","1","0","5.05","0","14","13.0","15","7","2","11","6","1.64","7.57","4.43","5.41","999.0","13323"
"Jeff Hoffman","Rockies","2","3","0","5.73","7","10","37.0","41","24","7","33","16","1.52","7.96","3.84","5.42","999.0","17432"
"Jerad Eickhoff","","0","0","0","4.81","1","8","11.0","11","6","2","9","3","1.31","7.42","2.78","5.43","999.0","12664"
"Josh Tomlin","","0","1","0","5.19","0","11","12.0","14","7","3","8","2","1.30","6.26","1.25","5.45","999.0","9388"
"Alex Wilson","","0","0","0","5.52","0","6","5.0","5","3","1","5","2","1.44","8.09","3.29","5.45","999.0","9239"
"Cody Carroll","Orioles","0","0","0","5.69","0","5","5.0","5","3","1","5","3","1.60","9.15","5.33","5.47","999.0","17664"
"Shelby Miller","","0","1","0","5.85","1","4","9.0","9","6","2","7","4","1.52","7.36","4.32","5.50","999.0","10197"
"Carson Fulmer","White Sox","0","0","0","5.47","0","8","10.0","10","6","2","10","6","1.61","9.32","5.40","5.51","999.0","18311"
"Heath Fillmyer","","0","1","0","5.76","2","2","8.0","9","5","1","6","4","1.62","6.46","4.57","5.54","999.0","17466"
"Enyel De Los Santos","Phillies","0","1","0","5.33","2","3","10.0","10","6","2","8","4","1.42","7.50","3.59","5.55","999.0","18403"
"Wade LeBlanc","","2","3","0","5.46","8","9","44.0","51","27","10","31","13","1.43","6.34","2.60","5.56","999.0","5221"
"Rico Garcia","","0","0","0","5.74","1","4","6.0","6","4","1","5","3","1.48","7.03","4.17","5.57","999.0","20023"
"J. D. Hammer","Phillies","0","0","0","5.14","0","5","5.0","5","3","1","4","2","1.44","7.88","4.11","5.58","999.0","19548"
"Jason Vargas","","1","1","0","5.37","3","4","19.0","21","11","4","15","7","1.48","7.00","3.57","5.61","999.0","8044"
"Stephen Woods Jr.","Royals","0","0","0","5.96","0","5","5.0","6","4","1","5","3","1.81","7.89","5.81","5.63","999.0","sa737853"
"Jesus Tinoco","","0","0","0","5.14","0","6","8.0","8","4","1","5","4","1.56","6.16","4.48","5.64","999.0","16300"
"Keegan Akin","","1","2","0","5.46","4","5","22.0","22","13","4","20","11","1.53","8.33","4.57","5.64","999.0","sa873980"
"Branden Kline","","0","0","0","5.29","0","8","8.0","9","5","2","7","4","1.63","8.19","4.89","5.66","999.0","14101"
"Jon Edwards","","0","0","0","4.42","0","5","5.0","5","3","1","5","3","1.64","7.99","5.73","5.67","999.0","1483"
"Marco Estrada","","1","1","0","5.87","3","3","17.0","19","11","4","13","7","1.47","6.60","3.40","5.68","999.0","1118"
"Colin Rea","","0","0","0","5.15","1","3","6.0","7","4","1","5","3","1.58","6.70","4.32","5.68","999.0","12317"
"David Hess","","0","1","0","5.20","2","10","16.0","17","9","4","14","6","1.44","7.58","3.44","5.71","999.0","16130"
"Gerson Bautista","Mariners","0","0","0","5.66","0","7","7.0","7","5","1","8","5","1.67","9.72","6.12","5.71","999.0","19256"
"Tommy Milone","","1","2","0","5.60","4","6","25.0","28","16","6","19","7","1.40","6.94","2.43","5.79","999.0","7608"
"Zac Rosscup","","0","0","0","5.71","0","7","6.0","6","4","1","7","6","1.99","10.06","9.32","5.85","999.0","9419"
"Asher Wojciechowski","Orioles","2","4","0","5.31","9","10","51.0","53","30","12","45","19","1.42","8.01","3.35","5.89","596.0","10836"
"Ervin Santana","","1","1","0","5.80","3","3","16.0","18","10","3","10","6","1.47","5.63","3.19","5.94","999.0","3200"
"Eric Skoglund","","0","1","0","5.82","3","6","15.0","18","10","3","8","5","1.55","4.77","3.22","6.06","999.0","16155"
"Edwin Jackson","","0","0","0","6.12","0","3","6.0","7","4","1","4","4","1.96","6.52","6.61","6.52","999.0","1841"
"Sean Gilmartin","","0","1","0","5.92","1","6","14.0","15","9","3","9","6","1.59","5.97","4.24","6.52","999.0","12781"
"Ross Detwiler","","0","0","0","6.11","1","2","5.0","7","4","2","3","2","1.66","5.69","3.26","6.91","999.0","2859"
