"id","firstName","lastName","adp","projectedPoints","positionRank","slotName","teamName","lineupStatus","byeWeek"
"3014a698-3e9d-4277-88eb-82f38f8f85bd","Aaron","Judge","2.2","9.3",,"OF","New York Yankees",,
"f2b35351-8315-4d94-a716-3a81993de80b","Ronald","Acuña Jr.","2.3","14.7",,"OF","Atlanta Braves",,
"c360df74-7677-4684-9ab5-239f2d9ad313","Mike","Trout","3.1","11.4",,"OF","Los Angeles Angels",,
"0dee4043-2b78-496c-88e6-db50d938a3d7","Juan","Soto","6.2","11.9",,"OF","San Diego Padres","QUESTIONABLE",
"a8de218a-6996-4d0d-a7bd-3e57df8e76d9","Shohei","Ohtani","6.3","9.8",,"OF","Los Angeles Angels",,
"9850ebb3-a2d5-4008-b5b6-f1f0f1b6afd8","Trea","Turner","7.0","9.5",,"IF","Philadelphia Phillies",,
"bb4507f6-cabe-4e3f-b088-23ea909bf2d7","Austin","Riley","8.0","13.2",,"IF","Atlanta Braves",,
"6916a201-3d80-4717-9ce6-aad2052ed7d2","Freddie","Freeman","10.2","10.0",,"IF","Los Angeles Dodgers",,
"4a21eed6-63be-4714-95c3-4624839be557","Gerrit","Cole","12.6","13.6",,"P","New York Yankees",,
"6ecd69eb-5f76-405e-a5f9-f398b571766b","Rafael","Devers","12.6","11.4",,"IF","Boston Red Sox",,
"74d3d72d-c4ff-4f48-8b09-b4a3e3723c9a","Julio","Rodríguez","13.4","9.0",,"OF","Seattle Mariners",,
"a5e8e574-e81c-4988-9e23-6650af4a0626","Max","Scherzer","14.4","12.8",,"P","New York Mets",,
"2b9c51c1-d9b0-4ae8-9ae8-3d34875eef03","José","Ramírez","14.9","9.6",,"IF","Cleveland Guardians",,
"cc078ce4-c0eb-449a-af4a-ab9bad40ee47","Yordan","Alvarez","15.1","10.1",,"OF","Houston Astros",,
"90eebd64-3373-4618-bba3-fd2ca3c0fd56","Byron","Buxton","15.6","10.4",,"OF","Minnesota Twins",,
"fd90061a-d73a-4b71-846e-1d09a71832e9","Mookie","Betts","16.4","9.5",,"OF","Los Angeles Dodgers",,
"c076b0e1-43c8-4c5b-8b63-41207d6591dc","Matt","Olson","17.5","11.5",,"IF","Atlanta Braves",,
"aa9cfd7f-f79e-4815-a781-a28941ff3c6d","Jacob","deGrom","18.1","12.3",,"P","Texas Rangers",,
"5098e9e5-d814-497c-9f64-b5b03fd80b12","Vladimir","Guerrero Jr.","18.9","8.6",,"IF","Toronto Blue Jays",,
"2facd59e-8420-46cd-88d5-1d5847c4307f","Manny","Machado","19.3","10.8",,"IF","San Diego Padres",,
"d7acb4d4-94bb-4e12-9c3c-f6d791bb9b6e","Corbin","Burnes","22.3","13.5",,"P","Milwaukee Brewers",,
"2222382b-531d-4555-92da-b2001fad812f","Cedric","Mullins","25.7","10.9",,"OF","Baltimore Orioles",,
"4266b5d0-5ba3-4acd-a884-1ffa0c47e252","Ozzie","Albies","26.0","11.8",,"IF","Atlanta Braves",,
"145b2deb-5873-4a15-83e4-51dd4d1d4068","Randy","Arozarena","26.0","9.4",,"OF","Tampa Bay Rays",,
"be87f860-3d72-4eed-abe5-43636e9e93bd","Shane","McClanahan","28.2","13.1",,"P","Tampa Bay Rays",,
"316ea88a-3b96-4d36-a616-80729f06c638","Pete","Alonso","28.8","7.7",,"IF","New York Mets",,
"4cc8b4c9-b33e-4859-b84e-65508f98a93a","Corbin","Carroll","29.5","8.8",,"OF","Arizona Diamondbacks",,
"102f30cf-c37e-4aba-98b8-81a9aaa3d3ea","Paul","Goldschmidt","29.9","8.9",,"IF","St. Louis Cardinals",,
"e6d9e40c-ad3d-4fdb-9968-2e3fe4c6c497","Taylor","Ward","30.9","9.4",,"OF","Los Angeles Angels",,
"778e5d37-425d-4f78-8a2c-23ca1471515b","Bobby","Witt Jr.","30.9","9.1",,"IF","Kansas City Royals",,
"3709aed9-764d-4fdc-84c8-952b33f543a9","Kyle","Tucker","31.3","9.4",,"OF","Houston Astros",,
"e833ac48-6de0-49a6-bb8f-684296b76803","Kyle","Schwarber","31.9","9.3",,"OF","Philadelphia Phillies",,
"579c4b41-a43b-40e5-b7c8-0d0de0fe03c8","Carlos","Correa","32.0","9.0",,"IF","Minnesota Twins",,
"5942a9aa-5101-43ee-a74c-cab9e824a976","Michael","Harris II","32.3","10.8",,"OF","Atlanta Braves",,
"cde3ef51-7d02-4e8c-9b4b-6cdf70f117ba","Oneil","Cruz","32.7","11.6",,"IF","Pittsburgh Pirates",,
"b16c52c5-35bd-4369-9232-a08fe7d43996","Adley","Rutschman","32.8","10.9",,"IF","Baltimore Orioles",,
"f65a2fbd-1b19-454c-8347-aea8d92f1e22","Bo","Bichette","33.3","8.5",,"IF","Toronto Blue Jays",,
"3edd065e-a397-4eb0-aa20-7660f6474d39","George","Springer","34.0","9.0",,"OF","Toronto Blue Jays",,
"6b210400-df9a-47e4-b124-755f1b0d948b","Max","Fried","34.1","10.7",,"P","Atlanta Braves",,
"e970d309-8225-4846-b1df-b6ba3be8bf86","Christian","Walker","34.2","7.9",,"IF","Arizona Diamondbacks",,
"07cd3e7a-9963-4889-82ba-e8ab28a746a0","Anthony","Rendon","34.3","9.0",,"IF","Los Angeles Angels",,
"6ea58b34-7070-45f5-9288-3edd6b652006","Masataka","Yoshida","34.5","9.3",,"OF","Boston Red Sox",,
"1ff3217c-274e-4d22-a057-ca330d1b2dbb","Sean","Murphy","34.7","10.4",,"IF","Atlanta Braves",,
"c60007b8-0fb1-4f15-94a2-994fc616c0f6","Anthony","Santander","34.8","8.8",,"OF","Baltimore Orioles",,
"c500feec-c75b-41ad-b130-4a561794ca36","Alex","Bregman","34.8","8.5",,"IF","Houston Astros",,
"452eaa54-f9ba-4de0-9f0f-778cf3e7980e","Ryan","Mountcastle","34.8","8.7",,"IF","Baltimore Orioles",,
"d7dc4986-9897-4751-bb0a-2a25af052fc0","Giancarlo","Stanton","34.9","7.5",,"OF","New York Yankees",,
"fbc77af7-bf2c-460c-ac0c-9229434d2d95","Triston","Casas","34.9","10.6",,"IF","Boston Red Sox",,
"fe72e1bb-ebe8-4697-abfb-c5a490843936","Jake","Cronenworth","35.0","9.1",,"IF","San Diego Padres",,
"a747e420-2c5e-4048-976c-100b99c4376d","Corey","Seager","35.0","8.7",,"IF","Texas Rangers",,
"21afa5a6-0a67-4915-9fe6-355f26f97b74","Bryan","Reynolds","35.0","10.4",,"OF","Pittsburgh Pirates",,
"23dc0446-ef5a-4c4d-a1ee-12cd6750f900","Xander","Bogaerts","35.1","9.5",,"IF","San Diego Padres",,
"d701535c-7782-4350-af4d-d4bf67aa12e6","Nolan","Arenado","35.2","7.9",,"IF","St. Louis Cardinals",,
"fafa9ddc-2349-4cc0-a1b3-8d83b52c3d23","Hunter","Renfroe","35.2","9.7",,"OF","Los Angeles Angels",,
"a88c75f1-6e4b-4412-8ece-96f51e73ccd7","Sandy","Alcantara","35.2","10.3",,"P","Miami Marlins",,
"2e1f2982-3ec1-468b-a72b-f53d24e6bd4e","Christian","Yelich","35.2","9.2",,"OF","Milwaukee Brewers",,
"c26008c7-0111-4984-a281-fea70a2521d5","Jake","Fraley","35.3","10.7",,"OF","Cincinnati Reds",,
"6ffa8140-ecc9-42aa-b45d-76e0da638026","Hunter","Greene","35.3","12.7",,"P","Cincinnati Reds",,
"cc06605c-d40e-499c-991d-d0fdd9abbb60","Shane","Bieber","35.3","12.7",,"P","Cleveland Guardians",,
"fcc3d2d8-c3ed-4e42-b72d-19fb68c1cb8f","Francisco","Lindor","35.4","7.5",,"IF","New York Mets",,
"62d4f699-ec02-4cfc-8c44-dc432bdc14fd","Jonathan","India","35.4","10.3",,"IF","Cincinnati Reds",,
"4ebc73b5-fb4c-4c10-b28f-5a52d73f5966","Aaron","Nola","35.5","12.3",,"P","Philadelphia Phillies",,
"6de758da-fdba-45ed-a058-898f2565bca8","Marcell","Ozuna","35.5","10.0",,"OF","Atlanta Braves",,
"553e584a-bdb6-4a5a-93a6-ec79bd9c22a1","Anthony","Rizzo","35.6","8.3",,"IF","New York Yankees",,
"331a3aea-e368-415f-891b-96946cd731aa","Luis","Robert Jr.","35.6","9.1",,"OF","Chicago White Sox",,
"ece0481f-838a-46dc-896c-f311ccef8679","Jose","Miranda","35.6","8.2",,"IF","Minnesota Twins",,
"033e4f71-6fb7-485e-8b8b-dfc8d3b943ac","José","Abreu","35.6","8.0",,"IF","Houston Astros",,
"7386f620-1567-4a0a-954c-8bfc9c111c8a","Willy","Adames","35.6","9.2",,"IF","Milwaukee Brewers",,
"f4b0d7ae-6548-45f3-8756-e98e727dc666","Julio","Urías","35.6","11.0",,"P","Los Angeles Dodgers",,
"8d6fe409-35c8-40e4-9573-f10adab734a2","Joey","Gallo","35.7","8.0",,"OF","Minnesota Twins",,
"7d1d272c-e01f-45ea-a40f-f2b9e0b03715","Starling","Marte","35.7","8.6",,"OF","New York Mets",,
"a8314a59-42e6-4297-ab32-9de3134d2709","Framber","Valdez","35.7","10.7",,"P","Houston Astros",,
"d062ebad-0b2e-44f7-8cdd-ca2f6d3a78df","DJ","LeMahieu","35.7","8.3",,"IF","New York Yankees",,
"c37e692b-f8de-4cb2-8d54-f3c530a1ed33","Orlando","Arcia","35.7","9.7",,"IF","Atlanta Braves",,
"35150fc3-b4bc-43f4-bc8c-eddd0c094e4c","Will","Smith","35.8","8.6",,"IF","Los Angeles Dodgers",,
"fe592dcb-7315-4a92-8417-6595264e7ef8","Jordan","Walker","35.8","7.6",,"OF","St. Louis Cardinals",,
"050f9ba7-5574-475d-9731-b9966ab55eb6","TJ","Friedl","35.8","10.3",,"OF","Cincinnati Reds",,
"9e6a62b1-6107-4f38-8326-9318802c26c2","Jazz","Chisholm Jr.","35.8","7.5",,"OF","Miami Marlins","QUESTIONABLE",
"46eaf853-5747-486f-926a-f2553c90e876","Dansby","Swanson","35.8","7.3",,"IF","Chicago Cubs",,
"af86f44d-c5c0-4633-b702-1b90e4d7143b","Trent","Grisham","35.8","9.0",,"OF","San Diego Padres",,
"b96f3c44-368d-412b-8920-0e34fefb919f","Max","Muncy","35.8","7.8",,"IF","Los Angeles Dodgers",,
"a1639960-da3f-4947-b8e5-c01e148ac752","Alex","Verdugo","35.8","9.9",,"OF","Boston Red Sox",,
"a7a237df-9874-4c48-91d7-568959dbe60d","Chas","McCormick","35.8","8.0",,"OF","Houston Astros",,
"04eacb59-9228-4b54-b1f6-9c1669e5efde","Conner","Capel","35.8","6.9",,"OF","Oakland Athletics",,
"0339ef97-9641-4c76-86e8-39ddd6a0eaa6","Brandon","Lowe","35.8","8.5",,"IF","Tampa Bay Rays",,
"bf3996da-13ff-4d36-be6f-6487d6968014","Justin","Verlander","35.8","0.0",,"P","New York Mets",,
"3018ca68-680c-4d3f-a688-7185a87d54b9","Blake","Snell","35.8","11.2",,"P","San Diego Padres",,
"c3bbb8cb-8693-40f5-a2c0-5140e97a55e7","J.D.","Martinez","35.8","7.4",,"OF","Los Angeles Dodgers",,
"2abe4c74-4495-4ba7-bce4-c71eca38776a","Wander","Franco","35.9","9.1",,"IF","Tampa Bay Rays","QUESTIONABLE",
"7ef631c3-2898-4b4d-bd53-6d4de1fbb004","Spencer","Strider","35.9","0.0",,"P","Atlanta Braves",,
"eb9faf3a-2a07-42c5-ad50-4709f0a94ec8","Gunnar","Henderson","35.9","9.5",,"IF","Baltimore Orioles",,
"5cdc8e87-f267-42fa-b12b-900e8cee9f75","Steven","Kwan","35.9","8.4",,"OF","Cleveland Guardians",,
"b9f658a3-1f08-4af8-ab9a-aaaa6c01d358","Vinnie","Pasquantino","35.9","8.1",,"IF","Kansas City Royals",,
"4f136de9-9304-45dc-85f3-d492f78a297d","Garrett","Mitchell","35.9","9.1",,"OF","Milwaukee Brewers",,
"45dafe7c-4240-4ced-b7bd-c00b9714533d","Ian","Happ","35.9","7.3",,"OF","Chicago Cubs",,
"e4ade26a-9c29-4001-9720-2ba6ed6eba4c","Justin","Turner","35.9","9.8",,"IF","Boston Red Sox",,
"b2ff2826-bcaf-4b7e-80b3-0664cfb6ac81","Salvador","Perez","35.9","8.6",,"IF","Kansas City Royals",,
"2adc7082-97ed-4127-b8d7-86843a2f036b","Alek","Manoah","35.9","10.0",,"P","Toronto Blue Jays",,
"2023e43f-6fea-481c-8964-3128c18f9623","Brandon","Nimmo","35.9","8.0",,"OF","New York Mets",,
"c5975bb2-7c11-43b6-ba5b-0713c3d2cf0e","Nelson","Cruz","35.9","2.8",,"OF","San Diego Padres",,
"fd1b4d99-e221-4467-bf59-2e80fedccff7","Lars","Nootbaar","35.9","8.4",,"OF","St. Louis Cardinals",,
"4f265c37-2192-4832-8964-2bbff7de0e8a","J.T.","Realmuto","35.9","8.2",,"IF","Philadelphia Phillies",,
"d981c82b-50c4-463e-83a6-fc664cba18ad","Tyler","O'Neill","35.9","8.0",,"OF","St. Louis Cardinals",,
"70c83889-2286-42a7-8a83-8887e8609b61","Germán","Márquez","35.9","7.8",,"P","Colorado Rockies",,
"5b68ad57-f780-4059-a2a0-1f068cf0b52b","Eugenio","Suárez","35.9","7.3",,"IF","Seattle Mariners",,
"ab13148b-ca22-406e-9e7d-97061f288adc","Pablo","López","36.0","10.7",,"P","Minnesota Twins",,
"55ea379e-952f-4465-acba-e37d22616a16","Rowdy","Tellez","36.0","8.6",,"IF","Milwaukee Brewers",,
"7b7be665-20f7-4c43-89c8-e9784d804ca2","Marcus","Semien","36.0","8.1",,"IF","Texas Rangers",,
"aee7129f-891f-48bd-bbb9-da45f6eefc03","Eloy","Jiménez","36.0","7.5",,"OF","Chicago White Sox",,
"14e26206-92d0-4634-ab75-625ec2c796e1","Yandy","Díaz","36.0","9.7",,"IF","Tampa Bay Rays",,
"49dc8d41-39de-406e-aa29-d20811df9808","Adam","Duvall","36.0","9.2",,"OF","Boston Red Sox",,
"ce090804-ae8d-44db-b1dd-ac22f50b7b81","MJ","Melendez","36.0","8.8",,"IF","Kansas City Royals",,
"3f6ea433-502c-4970-8b81-2d6fa7786683","Adolis","García","36.0","7.6",,"OF","Texas Rangers",,
"54caee9a-59cb-4792-8b6c-f5bce6a8c59d","Patrick","Wisdom","36.0","6.6",,"IF","Chicago Cubs",,
"194026d4-e383-4401-9804-e313f5358c8b","Dylan","Cease","36.0","10.3",,"P","Chicago White Sox",,
"494dad3b-8405-4af7-ad30-31914a1c6b6c","Will","Benson","36.0","8.8",,"OF","Cincinnati Reds",,
"50bc0d0f-8b55-4f77-9564-7df2eae27a06","C.J.","Cron","36.0","8.4",,"IF","Colorado Rockies",,
"b1569339-c7a6-4bd7-adac-0f3407c7ab09","Miguel","Vargas","36.0","7.9",,"IF","Los Angeles Dodgers",,
"5b4dd7f9-c198-487f-9bdd-f2cba5842d70","Tyler","Stephenson","36.0","10.8",,"IF","Cincinnati Reds",,
"dbf5dabb-97c4-49bb-b3b3-fee7e8c4259d","Luis","Castillo","36.0","10.0",,"P","Seattle Mariners",,
"bf8c3f18-3a19-49b6-bd93-4dd8d2ce0e30","Wil","Myers","36.0","9.9",,"IF","Cincinnati Reds",,
"fa1f7391-8680-4f31-b52d-8ccdd980a236","Brandon","Drury","36.0","9.0",,"IF","Los Angeles Angels",,
"3a0b8ca8-1700-4a2f-a0e5-310421a5d58c","Ketel","Marte","36.0","8.5",,"IF","Arizona Diamondbacks",,
"080df0c1-892c-4a10-bf03-2107a6e90a71","Mitch","Keller","36.0","7.9",,"P","Pittsburgh Pirates",,
"ffe50d40-9b9d-4694-85d1-3a408cae82bb","Ke'Bryan","Hayes","36.0","7.9",,"IF","Pittsburgh Pirates",,
"4e5667de-fe9e-4beb-a4e5-7b95dc0c9293","Ty","France","36.0","7.1",,"IF","Seattle Mariners",,
"cb0ef7f9-bd79-4715-bc5f-9b5f925d0c93","Cody","Bellinger","36.0","6.4",,"OF","Chicago Cubs",,
"77c75114-a6a6-444e-8bf2-d52e9f292b23","Kris","Bryant","36.0","8.9",,"OF","Colorado Rockies",,
"c885633e-8f40-4b88-9867-59a5c60504b9","Isaac","Paredes","36.0","8.3",,"IF","Tampa Bay Rays",,
"78ced75f-1398-4db8-803d-6c7d73a7d3fb","Teoscar","Hernández","36.0","8.1",,"OF","Seattle Mariners",,
"6d1fe0db-eb63-4bb6-b74c-e0219091f15f","Nathaniel","Lowe","36.0","7.8",,"IF","Texas Rangers",,
"8b7fc396-1be2-4168-97a3-482133b6a65e","Darick","Hall","36.0","7.8",,"IF","Philadelphia Phillies",,
"8a190bd4-11ce-43d5-b8c1-6ba1cd10ae7e","Jeremy","Peña","36.0","7.4",,"IF","Houston Astros",,
"5bf525d1-9436-4277-baa2-bdf1bbbf9501","Luis","Arraez","36.0","7.1",,"IF","Miami Marlins",,
"5430ccaa-44e9-44b9-9b1b-87ecd93c0425","Jesse","Winker","36.0","9.0",,"OF","Milwaukee Brewers",,
"1a9b340b-f807-4581-97cf-f583560ed8ff","Josh","Bell","36.0","7.4",,"IF","Cleveland Guardians",,
"19f1c2ae-7b03-4138-ac8f-7ddb6511892f","Amed","Rosario","36.0","6.9",,"IF","Cleveland Guardians",,
"a2dcfe86-48ae-4a16-8f20-ab7c120a0826","Zac","Gallen",,"10.8",,"P","Arizona Diamondbacks",,
"05803618-e161-431e-854a-6d6e96cca121","Travis","d'Arnaud",,"10.4",,"IF","Atlanta Braves",,
"d62383ff-0599-4a96-b8ae-001ccd8499d5","Jack","Suwinski",,"10.1",,"OF","Pittsburgh Pirates",,
"1b8a2458-c63d-44a4-9eca-12eb03bd4673","Marcus","Stroman",,"9.5",,"P","Chicago Cubs",,
"b95c0ac4-9e27-4dd6-85e3-cd00d85ac0a7","Andrew","McCutchen",,"9.4",,"OF","Pittsburgh Pirates",,
"aeb3973c-474e-477e-ae20-bab898fafab4","Ji-Man","Choi",,"9.4",,"IF","Pittsburgh Pirates",,
"7665bcf3-9e81-42a6-9723-5585a84f6a01","Corey","Kluber",,"9.2",,"P","Boston Red Sox",,
"4f149961-6c09-4709-902b-410845589d4c","Logan","Webb",,"9.1",,"P","San Francisco Giants",,
"e06e7c84-ee84-4c32-8074-618374dad5de","Matt","Carpenter",,"9.1",,"OF","San Diego Padres",,
"b1210674-8061-4f9d-8fd6-fc0e6c71f1e4","Tim","Anderson",,"9.0",,"IF","Chicago White Sox",,
"3d65a5a7-d5f5-448d-bd77-32a432c18dc3","Spencer","Steer",,"8.9",,"IF","Cincinnati Reds",,
"bcf77dd5-9eb0-40ff-86af-30bfc45c2079","Kyle","Stowers",,"8.9",,"OF","Baltimore Orioles",,
"e423d7a6-3417-411b-91c2-a8d1ea70d219","Manuel","Margot",,"8.8",,"OF","Tampa Bay Rays",,
"e0746de4-2f54-4ad0-93a4-03450e542527","Kyle","Gibson",,"8.8",,"P","Baltimore Orioles",,
"6faf3fed-ec5e-45ef-a141-1a0a2deab196","Christian","Arroyo",,"8.7",,"IF","Boston Red Sox",,
"56d2e19d-ea7b-4887-b54c-cd8f87daa3a6","Miles","Mikolas",,"8.6",,"P","St. Louis Cardinals",,
"16c2a4cb-f079-414a-9daf-13ceb0de24d3","Carlos","Santana",,"8.6",,"IF","Pittsburgh Pirates",,
"5b25c68d-7207-4484-ba2e-86283d10b1c2","Evan","Longoria",,"8.6",,"IF","Arizona Diamondbacks",,
"1feaa82d-40df-42de-a0a7-7fd2f5bcb2e8","Andrew","Vaughn",,"8.5",,"IF","Chicago White Sox",,
"233a57ff-197f-4400-8a38-19e62655f17d","Nick","Gordon",,"8.5",,"IF","Minnesota Twins",,
"ffe6f10c-d916-442e-b959-fcf6e2e944d8","William","Contreras",,"8.4",,"IF","Milwaukee Brewers",,
"74a890d4-8545-4a74-90b3-19736e211264","Joc","Pederson",,"8.4",,"OF","San Francisco Giants",,
"52d6ac16-775b-4ee1-ad4d-1cca1d29c9b9","Austin","Hays",,"8.4",,"OF","Baltimore Orioles",,
"1ae92780-4d96-43b7-a3b8-67fa6e6089a5","Jorge","Mateo",,"8.4",,"IF","Baltimore Orioles",,
"27e887e6-7e79-4a17-a66f-6f8cb0141a89","Max","Kepler",,"8.4",,"OF","Minnesota Twins",,
"018de41d-c968-4d37-b862-94df2760db1a","Brendan","Donovan",,"8.3",,"IF","St. Louis Cardinals",,
"f851df78-6b7c-4a1f-a29e-4cb43f8a03ba","Brandon","Belt",,"8.2",,"IF","Toronto Blue Jays",,
"61c2f439-5c57-45f2-9dc2-0225ec8a1ee5","Harold","Ramírez",,"8.2",,"IF","Tampa Bay Rays",,
"2eee5a4a-d56b-4066-9a3a-2a8a2238031d","Eduardo","Rodriguez",,"8.1",,"P","Detroit Tigers",,
"2240460d-6cc9-4ef8-8f91-10791a47b5f9","LaMonte","Wade Jr.",,"8.1",,"IF","San Francisco Giants",,
"acabb693-fdfa-4021-a708-6a0f4ba63ba1","Curt","Casali",,"8.0",,"IF","Cincinnati Reds",,
"697dc10c-576d-4481-b725-869dbe91b0c0","Michael","Conforto",,"8.0",,"OF","San Francisco Giants",,
"493fe503-7fdf-4fda-8618-7ae817cfd5b8","Zack","Greinke",,"8.0",,"P","Kansas City Royals",,
"42ee28d7-e00c-49df-8535-f8a6f9ee8549","Kolten","Wong",,"8.0",,"IF","Seattle Mariners",,
"16b19379-433b-4686-a767-ad60c3798fc7","Adam","Frazier",,"8.0",,"IF","Baltimore Orioles",,
"7b51b790-aada-40eb-b270-3695a850f5a5","Gio","Urshela",,"8.0",,"IF","Los Angeles Angels",,
"8939a3b5-526a-4046-9af4-4a56d7c4d44b","Willson","Contreras",,"7.9",,"IF","St. Louis Cardinals",,
"4aa05af2-dd9e-43f3-b1aa-62102dfd7189","Oswaldo","Cabrera",,"7.9",,"OF","New York Yankees",,
"021b9793-e826-45ee-b4e7-423801718268","Javier","Báez",,"7.9",,"IF","Detroit Tigers",,
"f2df1b96-e9b2-46d6-9139-4adde3f1c095","Jake","McCarthy",,"7.9",,"OF","Arizona Diamondbacks",,
"d90589f4-9eec-4bc1-bd74-f1995d8301e3","Lourdes","Gurriel Jr.",,"7.9",,"OF","Arizona Diamondbacks",,
"04759db3-3a1e-4d14-9eea-fc117107fe5f","Jarred","Kelenic",,"7.9",,"OF","Seattle Mariners",,
"2c2b76f1-9965-4417-b28c-d07795f31011","Christian","Vázquez",,"7.8",,"IF","Minnesota Twins",,
"3c7bd613-d604-450b-953d-dcb12570d07d","Ha-Seong","Kim",,"7.7",,"IF","San Diego Padres",,
"3a94e1e0-99c7-4f2f-bd36-495669c4b356","Luis","Urías",,"7.7",,"IF","Milwaukee Brewers",,
"4e378267-ba87-4121-aa04-f0df1864aaf6","Rodolfo","Castro",,"7.6",,"IF","Pittsburgh Pirates",,
"801a2e32-de7c-4b82-8bf9-c1f2b8cceca0","Andrés","Giménez",,"7.6",,"IF","Cleveland Guardians",,
"ed3fb575-7599-4005-bd0c-dd65d0ad2df0","Mike","Yastrzemski",,"7.6",,"OF","San Francisco Giants",,
"6c32ada5-d527-48ef-8e2b-55d4a3a6cb49","Daulton","Varsho",,"7.6",,"OF","Toronto Blue Jays",,
"bc4c25db-2d4c-4fcc-8b17-2757245ce608","Esteury","Ruiz",,"7.6",,"OF","Oakland Athletics",,
"d307b2bc-b6cf-41f9-8457-bab099290330","Brandon","Crawford",,"7.6",,"IF","San Francisco Giants",,
"4bcde50a-c4c2-4b6f-8afa-b20d7174aaa3","Jace","Peterson",,"7.5",,"IF","Oakland Athletics",,
"fe7245b7-4eac-416e-83e5-43966885b284","Gleyber","Torres",,"7.5",,"IF","New York Yankees",,
"d3d4c8f0-145d-41c2-ac2f-3106872714b2","Austin","Nola",,"7.5",,"IF","San Diego Padres",,
"b5835ca1-828e-4065-b6ba-d37b62700781","Michael","Massey",,"7.5",,"IF","Kansas City Royals",,
"3bdf5869-1e6c-46b8-a380-c56ac23aad04","Thairo","Estrada",,"7.4",,"IF","San Francisco Giants",,
"d04a9b58-d16b-42ed-9456-827315077c7d","Nick","Castellanos",,"7.4",,"OF","Philadelphia Phillies",,
"8d438060-fef0-4fa1-ac9d-a2401835ca75","Kyle","Lewis",,"7.4",,"OF","Arizona Diamondbacks",,
"23ba880d-8f8f-4173-b978-849174470766","Logan","O'Hoppe",,"7.4",,"IF","Los Angeles Angels",,
"3671f0ec-4bf4-44ee-be3e-83f8b6c46eb2","Jurickson","Profar",,"7.4",,"OF","Colorado Rockies",,
"c201f558-7a58-4d52-920f-7f65b2bfa97d","Kyle","Isbel",,"7.4",,"OF","Kansas City Royals",,
"da35aa76-4951-4b97-9e87-dec3097c22dc","Seth","Brown",,"7.4",,"IF","Oakland Athletics",,
"071b7ba1-3776-432d-ba7a-0685d4dd503e","David","Hensley",,"7.4",,"IF","Houston Astros",,
"3ff509f0-b012-432a-bb10-887c7799a098","Nico","Hoerner",,"7.3",,"IF","Chicago Cubs",,
"b735df24-4d3e-4c8c-a0a0-ebbe65417c5d","Alejandro","Kirk",,"7.3",,"IF","Toronto Blue Jays",,
"f0d3e702-e120-4504-b40f-e78369cc52a0","Josh","Naylor",,"7.3",,"IF","Cleveland Guardians",,
"5b769fcf-2432-4ae7-aeb6-efa77b37ebd2","Eric","Haase",,"7.3",,"IF","Detroit Tigers",,
"426c4dc4-b8f8-4f37-bf01-e73dc2d4e01a","Yasmani","Grandal",,"7.3",,"IF","Chicago White Sox",,
"4fd46868-6978-4daa-a092-e9e6b98dded1","Matt","Chapman",,"7.3",,"IF","Toronto Blue Jays",,
"879eba3d-2b0e-47b0-ad90-fc6060b7fd7e","Lane","Thomas",,"7.3",,"OF","Washington Nationals",,
"c97bd7c9-239e-4510-a9d2-1f5bc60a30e2","Josh","Jung",,"7.3",,"IF","Texas Rangers",,
"5dbf90bb-241d-4823-be35-afafe8299f52","Kyle","Muller",,"7.3",,"P","Oakland Athletics",,
"3f3549b2-af9f-425f-a4d4-401cb8407d91","Jose","Siri",,"7.2",,"OF","Tampa Bay Rays",,
"bd04a507-b3c6-4c2a-8e19-97fbf2ab0980","Yonathan","Daza",,"7.2",,"OF","Colorado Rockies",,
"7695f881-a0de-4767-aab4-7c2bcc538d54","Aaron","Hicks",,"7.2",,"OF","New York Yankees",,
"2eaa850d-bcfb-4091-84e8-5e8a46657d95","Kiké","Hernández",,"7.2",,"IF","Boston Red Sox",,
"e3882ce6-e3bd-44c8-9511-9972eecc9417","Cal","Raleigh",,"7.2",,"IF","Seattle Mariners",,
"0af39119-d5f5-4933-a074-efc83da0220c","David","Peralta",,"7.2",,"OF","Los Angeles Dodgers",,
"7c3dd280-dcd3-4f48-b6e4-410b7f865545","Daniel","Vogelbach",,"7.2",,"OF","New York Mets",,
"1580bc6f-570d-4191-8056-6a04b7a8ab83","Mark","Canha",,"7.2",,"OF","New York Mets",,
"f1700686-9939-45b9-8f52-535a4004cfd6","Joey","Meneses",,"7.2",,"OF","Washington Nationals",,
"f331d56d-c865-4124-a102-1178eaf3a9b2","Riley","Greene",,"7.2",,"OF","Detroit Tigers",,
"ccb9d1c1-352c-4999-8d49-8e788dba95cf","Brian","Anderson",,"7.1",,"OF","Milwaukee Brewers",,
"f5260270-dbc4-46c0-b84e-7098dfc3ea11","Jeff","McNeil",,"7.1",,"IF","New York Mets",,
"00a02ccd-97d8-4f54-87e4-97286c913f2f","Kevin","Newman",,"7.1",,"IF","Cincinnati Reds",,
"b0234eff-5ba5-4a92-aed9-d07848e1cc18","Charlie","Blackmon",,"7.1",,"OF","Colorado Rockies",,
"20cfef46-79b5-4a25-bb2f-0d971c3abea6","Edward","Olivares",,"7.1",,"OF","Kansas City Royals",,
"a2895db0-65a9-4602-845b-c5d6736ccca7","Kyle","Farmer",,"7.0",,"IF","Minnesota Twins",,
"0f8ec032-4cb0-4209-a989-5b34964d641b","AJ","Pollock",,"7.0",,"OF","Seattle Mariners",,
"0dbc19cd-a100-43e0-a116-8fc1a3aa6e60","David","Villar",,"7.0",,"IF","San Francisco Giants",,
"87107ca9-81c7-4bb5-80b1-c3fbe710f177","Whit","Merrifield",,"7.0",,"IF","Toronto Blue Jays",,
"73286ffd-e630-496c-a36e-f45cccbbd842","Tony","Kemp",,"7.0",,"IF","Oakland Athletics",,
"2abf507f-be20-4dd0-98f9-afa4ccdbcedb","Nolan","Gorman",,"7.0",,"IF","St. Louis Cardinals",,
"511279bd-db1f-4a9a-b39f-2e276e1178b5","Francisco","Mejía",,"6.9",,"IF","Tampa Bay Rays",,
"c2236438-491d-4d23-a926-f717be34b744","Robbie","Grossman",,"6.9",,"OF","Texas Rangers",,
"13cbb938-6907-4ef1-b007-2ddf890cd0b7","Elias","Díaz",,"6.9",,"IF","Colorado Rockies",,
"d62f14ce-672c-44b0-b959-7de6be8a75ce","Oscar","Gonzalez",,"6.9",,"OF","Cleveland Guardians",,
"8e53568b-1237-404e-b747-73263e2a3d4b","Brad","Miller",,"6.9",,"IF","Texas Rangers",,
"eac60dea-f140-41f8-b27d-b4326680de12","Nick","Maton",,"6.9",,"IF","Detroit Tigers",,
"cfc8f743-1fa8-4c13-9fb5-ec8f5189b7be","Ramón","Laureano",,"6.9",,"OF","Oakland Athletics",,
"eaa15ccb-629a-49db-9ff8-7355bbd928b3","Garrett","Cooper",,"6.9",,"IF","Miami Marlins",,
"49c6e894-2fb5-418b-bb2c-6e846f9be11e","Michael A.","Taylor",,"6.9",,"OF","Minnesota Twins",,
"5ab44d74-9e70-4782-b838-5a87850a2f39","Hunter","Dozier",,"6.8",,"IF","Kansas City Royals",,
"5b38ca67-1607-4d8d-ba32-bfd15810835f","Reese","McGuire",,"6.8",,"IF","Boston Red Sox",,
"2f44fb70-ef69-4919-97ff-59cc1297b724","Elehuris","Montero",,"6.8",,"IF","Colorado Rockies",,
"fc9fd60a-bec7-4273-82e1-5e95295571d2","Yoán","Moncada",,"6.8",,"IF","Chicago White Sox","QUESTIONABLE",
"0cde9cd7-0078-4075-a9f2-d6b2d18fb598","Brice","Turang",,"6.8",,"IF","Milwaukee Brewers",,
"c7252d47-694c-45b5-a6ab-8a31d16f4553","Ezequiel","Tovar",,"6.8",,"IF","Colorado Rockies",,
"2223577b-2c6a-4524-9f32-067e0406071d","Kevin","Kiermaier",,"6.7",,"OF","Toronto Blue Jays",,
"eea344cc-b851-4ab3-a5c2-7e242f86fb93","Jorge","Soler",,"6.7",,"OF","Miami Marlins",,
"36af2386-be40-4501-9df5-53e1299547ff","Luis","Rengifo",,"6.7",,"IF","Los Angeles Angels",,
"29ad13fa-29db-42de-854c-57742d9162e3","Andrew","Benintendi",,"6.7",,"OF","Chicago White Sox",,
"4bb0cc3d-21c1-41dc-b8cd-69796570aec8","Eric","Hosmer",,"6.7",,"IF","Chicago Cubs",,
"3bc6be97-bf39-40d1-bad3-eed94e123b53","Patrick","Corbin",,"6.7",,"P","Washington Nationals",,
"144407af-edd8-4748-9a34-586643c1b53d","Bubba","Thompson",,"6.7",,"OF","Texas Rangers",,
"eb7334ec-9cd2-4974-9028-b67bc4ef259a","Mike","Zunino",,"6.7",,"IF","Cleveland Guardians",,
"422de9f4-0b0d-4fb5-bfc4-b977fd263fa9","Jean","Segura",,"6.7",,"IF","Miami Marlins",,
"27b68e78-f51b-45ba-89b4-f98f320c6301","Nick","Ahmed",,"6.7",,"IF","Arizona Diamondbacks",,
"5831b966-33a8-4d90-8ddf-0d9ee776545d","Jesús","Aguilar",,"6.6",,"OF","Oakland Athletics",,
"e988fba0-d033-43f1-8a05-62c38079ab7b","Tommy","Edman",,"6.5",,"IF","St. Louis Cardinals",,
"62bcf326-da34-49a5-b5f5-5034ccdd8211","Alan","Trejo",,"6.5",,"IF","Colorado Rockies",,
"852be46d-8fe0-4872-9c97-5aba86596bb2","Elvis","Andrus",,"6.5",,"IF","Chicago White Sox",,
"422d4cdd-bc17-4a99-817b-6a280a5ebb15","Gabriel","Moreno",,"6.4",,"IF","Arizona Diamondbacks",,
"12ebe568-a951-49bb-9074-005ad8fcb614","Jeimer","Candelario",,"6.4",,"IF","Washington Nationals",,
"7753281a-909a-4e9d-b4fa-10a1b38f264b","Joey","Wendle",,"6.4",,"IF","Miami Marlins",,
"a6b8487a-503f-4eef-8383-232855d5b727","Miguel","Cabrera",,"6.3",,"OF","Detroit Tigers",,
"5f5492e5-7b6b-4c75-bd60-773f2044af28","Aledmys","Díaz",,"6.3",,"OF","Oakland Athletics",,
"c7124144-0cac-4428-a6dc-edde0752f35d","Shea","Langeliers",,"6.3",,"IF","Oakland Athletics",,
"1f7f23b4-1e06-4ac6-b8cc-443f9cdaaa32","Matt","Vierling",,"6.3",,"OF","Detroit Tigers",,
"cc91b6c9-1737-4323-a72f-dc215791b0eb","Trey","Mancini",,"6.3",,"OF","Chicago Cubs",,
"874eee4a-39b3-44c3-aa23-69fd584dc231","Edwin","Ríos",,"6.3",,"IF","Chicago Cubs",,
"569dffaa-344f-4ec0-83b2-2e1b14e65b0b","Bryson","Stott",,"6.3",,"IF","Philadelphia Phillies",,
"8c02b8eb-f4c3-4b7a-a8e9-b12cad4e39c5","Jose","Trevino",,"6.2",,"IF","New York Yankees",,
"733bd759-5d39-43d1-974c-6800a9b4f440","Austin","Meadows",,"6.2",,"OF","Detroit Tigers",,
"40869044-07c6-41e0-8a7f-d13bd91a1045","Jonathan","Schoop",,"6.2",,"IF","Detroit Tigers",,
"ad0f8af9-10b7-460a-84ef-c02150dde56c","Spencer","Torkelson",,"6.2",,"IF","Detroit Tigers",,
"6c42305c-727a-4fe0-88d1-cd480dee5f02","Eduardo","Escobar",,"6.2",,"IF","New York Mets",,
"cb14ef38-6e30-4bc1-9a5b-c78113ad4c5d","Jonah","Heim",,"6.2",,"IF","Texas Rangers",,
"2da514ae-b003-4573-a01a-6e8393929a22","Avisaíl","García",,"6.2",,"OF","Miami Marlins",,
"54392060-1cdf-4c6e-aecf-c4d9659ba45a","Brandon","Marsh",,"6.1",,"OF","Philadelphia Phillies",,
"8a9d98aa-6067-44ab-8ea2-3a8eea823b1f","Alec","Bohm",,"6.0",,"IF","Philadelphia Phillies",,
"bb8cbdc9-bff0-4cd3-9e46-6a404855c68e","Myles","Straw",,"6.0",,"OF","Cleveland Guardians",,
"ffd1624b-f4b5-47ca-b3d6-2f84c6d39f51","Austin","Hedges",,"5.9",,"IF","Pittsburgh Pirates",,
"728bcbd5-610e-48b7-8a82-9f6f47b5bb7d","J.P.","Crawford",,"5.9",,"IF","Seattle Mariners","QUESTIONABLE",
"71428e14-81a7-4e8b-9044-cec07e8c3eaa","Martín","Maldonado",,"5.8",,"IF","Houston Astros",,
"8a01bf1d-e162-4e0d-a433-922d74fe8640","Miguel","Rojas",,"5.8",,"IF","Los Angeles Dodgers",,
"2df2f4ad-1fa9-4a6a-9b74-e1e1012fca6f","Jake","Cave",,"5.8",,"OF","Philadelphia Phillies",,
"46b21b87-8c48-4fff-9999-2ce3009563c6","Joey","Bart",,"5.8",,"IF","San Francisco Giants",,
"3bc0b6bc-ad8b-4477-8759-d600ef13b5f7","J.J.","Matijevic",,"5.7",,"IF","Houston Astros",,
"f7acb6c3-d39c-4b38-8272-5b8be3368fd5","Ildemaro","Vargas",,"5.7",,"IF","Washington Nationals",,
"15ae4f9a-6243-4eec-9580-1e49984c7ee5","Corey","Dickerson",,"5.6",,"OF","Washington Nationals",,
"3850924e-c127-460a-b503-38fcddee5a46","Victor","Robles",,"5.6",,"OF","Washington Nationals",,
"3c72b302-063e-4952-a274-7f8ce78a2e31","Keibert","Ruiz",,"5.5",,"IF","Washington Nationals",,
"5d5bc6c3-fe06-4291-beea-1fa3caca81b5","Omar","Narváez",,"5.4",,"IF","New York Mets",,
"03128d7e-23ff-46ca-bba7-a2f2b74c0f6d","Jacob","Stallings",,"5.0",,"IF","Miami Marlins",,
"5d1b9788-7793-4b18-9eb9-bd2d54a2c1fb","Tucker","Barnhart",,"4.9",,"IF","Chicago Cubs",,
"71718d6c-951c-4aa0-aa8f-7b23f80e2494","Canaan","Smith-Njigba",,"4.7",,"OF","Pittsburgh Pirates",,
"8194bcf4-e42b-4238-9070-3f0bec4119b9","Alex","Call",,"4.3",,"OF","Washington Nationals",,
"7b670512-6bb2-4ce1-82c7-de042f1ff794","CJ","Abrams",,"4.3",,"IF","Washington Nationals",,
"6ce1030c-1460-46ea-83b9-548a653e5d26","Dalton","Guthrie",,"3.8",,"IF","Philadelphia Phillies",,
"39ec999c-2371-477e-9543-e77ea717ea36","Nate","Eaton",,"3.8",,"OF","Kansas City Royals",,
"0e0b10fb-1700-4090-8024-e5992a86086c","Ji Hwan","Bae",,"3.7",,"IF","Pittsburgh Pirates",,
"2e735601-4415-4b65-8bd9-ca467e9a133c","James","Outman",,"3.5",,"OF","Los Angeles Dodgers",,
"050c4aa3-9ba9-4aa3-bbad-b27009fd7726","Trayce","Thompson",,"3.2",,"OF","Los Angeles Dodgers",,
"c506ce2e-8633-4c1a-a34f-fa3b18cb0529","Yainer","Diaz",,"3.1",,"IF","Houston Astros",,
"dbc26c8a-692a-4d73-abee-d3d6d1bc0e5b","Terrin","Vavra",,"2.9",,"IF","Baltimore Orioles",,
"3c681114-91df-4995-bded-e5ff0a8811d7","Eddie","Rosario",,"2.9",,"OF","Atlanta Braves",,
"a968c44d-0ba7-4117-8d55-7653038dd6c7","Sam","Hilliard",,"2.9",,"OF","Atlanta Braves",,
"5b82ad87-621b-4b38-adce-e005eb9eef90","Gabriel","Arias",,"2.8",,"IF","Cleveland Guardians",,
"936525c3-93d7-4aeb-a622-9205dca4ffbc","Ramón","Urías",,"2.8",,"IF","Baltimore Orioles",,
"7de326ef-f373-4e1f-950f-379909c35d0e","Connor","Wong",,"2.7",,"IF","Boston Red Sox",,
"a9505b7f-27d7-4b79-8f64-a81c7f229969","Bobby","Dalbec",,"2.7",,"IF","Boston Red Sox",,
"0781806e-7c4d-4f57-8e2b-148122509215","Connor","Joe",,"2.7",,"OF","Pittsburgh Pirates",,
"ad35146a-c6f6-484a-a819-5f4396240396","Luis","Campusano",,"2.7",,"IF","San Diego Padres",,
"b127546c-00ae-4153-a912-311907ff6590","Trevor","Larnach",,"2.7",,"OF","Minnesota Twins",,
"12d0d464-57c3-4482-a8d4-5002dc70243b","Garrett","Stubbs",,"2.7",,"IF","Philadelphia Phillies","QUESTIONABLE",
"ecf5dd86-7635-4f34-a04f-8ed52ff91033","Danny","Jansen",,"2.7",,"IF","Toronto Blue Jays",,
"7419de25-1b4f-44e6-b12c-53a584a98c4d","Rob","Refsnyder",,"2.6",,"OF","Boston Red Sox",,
"fb03a4ce-279d-4916-b1f6-78697f6d08d6","Christian","Bethancourt",,"2.6",,"IF","Tampa Bay Rays",,
"a15b4ad1-9106-441d-a254-4f07652aa7b6","Yu","Chang",,"2.6",,"IF","Boston Red Sox",,
"aeec6887-9445-45d2-b611-a39940f2bfc6","Jake","Rogers",,"2.6",,"IF","Detroit Tigers",,
"f727b32c-88f8-4ba7-8a7f-460be1cfba73","Nick","Fortes",,"2.6",,"IF","Miami Marlins",,
"00f4d936-fc57-40c4-a832-77cc9fa69426","Luke","Maile",,"2.6",,"IF","Cincinnati Reds",,
"94469390-4e10-419f-8e89-35f7c63e80ca","Donovan","Solano",,"2.6",,"IF","Minnesota Twins",,
"82010f22-89cb-4049-b6b1-2e71d21a70b9","Chris","Taylor",,"2.5",,"IF","Los Angeles Dodgers",,
"4810039d-acfe-491d-92a3-b767db7cabdc","Kerry","Carpenter",,"2.5",,"OF","Detroit Tigers",,
"33765ab2-b675-4623-9fbc-6be2bee85993","Mike","Brosseau",,"2.5",,"IF","Milwaukee Brewers",,
"ee02c3c7-cd10-4466-86db-b0c2ed15c8f0","Will","Brennan",,"2.4",,"OF","Cleveland Guardians",,
"b5371359-920e-4a3a-90c7-66dce59e3ae9","Rafael","Marchán",,"2.4",,"IF","Philadelphia Phillies","QUESTIONABLE",
"afe3e9df-16b1-4d58-bf21-fce67dc75e30","Isiah","Kiner-Falefa",,"2.4",,"IF","New York Yankees",,
"65328cc0-5d91-4c68-8800-24713e04c1e4","Josh","Donaldson",,"2.4",,"IF","New York Yankees",,
"4461490f-85cc-493b-88f7-07236efa212c","Cavan","Biggio",,"2.4",,"IF","Toronto Blue Jays",,
"7dbfd182-7236-4c5e-b9d2-e2dfd036bce1","Wilmer","Flores",,"2.4",,"IF","San Francisco Giants",,
"a49c9263-0ad3-4e5e-add0-58ccff4fdfcd","Josh","Lowe",,"2.4",,"OF","Tampa Bay Rays",,
"6af1eafb-db66-4231-b5be-1fad8778b8f1","Josh","Rojas",,"2.4",,"IF","Arizona Diamondbacks",,
"9bca7320-4b7f-4966-997d-f57520800716","Ezequiel","Duran",,"2.4",,"IF","Texas Rangers",,
"6e8a45d2-90ef-40ab-9cd9-7e660c2e2a1a","Jon","Berti",,"2.4",,"OF","Miami Marlins",,
"8e5b0de7-fab9-40a2-8cd1-9066781d601b","José","Azocar",,"2.4",,"OF","San Diego Padres",,
"1b1750c4-ad50-4b69-bcf9-6426c397d5be","J.D.","Davis",,"2.4",,"IF","San Francisco Giants",,
"75d17da3-dde1-42ee-9b35-d2ed75e32004","David","Fletcher",,"2.4",,"IF","Los Angeles Angels",,
"86ca4288-1f82-4ba6-ae14-c5bab8124316","Alec","Burleson",,"2.3",,"OF","St. Louis Cardinals",,
"f4448a26-3a2d-4aa8-86b2-9d534be446f1","Jake","Burger",,"2.3",,"IF","Chicago White Sox",,
"16d149c7-4785-4831-8223-bd60f412a2e9","Mitch","Garver",,"2.3",,"IF","Texas Rangers",,
"faf5de13-3f7c-4363-bc27-1f89e46cb3dd","Matt","Thaiss",,"2.3",,"IF","Los Angeles Angels",,
"842aad91-b68e-42da-be2d-03995c38c00e","Dylan","Carlson",,"2.3",,"OF","St. Louis Cardinals",,
"3967bb6b-5300-4b66-bacd-d9b6f80f7579","Ryan","McMahon",,"2.3",,"IF","Colorado Rockies",,
"18a8ac79-0c88-42ba-9050-5b564a8e56dd","Tommy","La Stella",,"2.3",,"IF","Seattle Mariners",,
"7a0dc7be-2487-457f-9bc6-7079217150f3","Bryan","De La Cruz",,"2.3",,"OF","Miami Marlins",,
"53896389-be46-4410-bbe7-82fdcb738345","Jesús","Sánchez",,"2.3",,"OF","Miami Marlins",,
"15daf177-bf50-4b49-a811-cdc81ad7fa41","Seby","Zavala",,"2.3",,"IF","Chicago White Sox",,
"b8c4f9d5-c80e-469f-87d5-069a6fb2e7ea","Victor","Caratini",,"2.3",,"IF","Milwaukee Brewers",,
"7096e3b3-8f24-4998-b0a2-5c1363ef5eb5","Owen","Miller",,"2.3",,"IF","Milwaukee Brewers",,
"4b40251e-9656-4e16-8539-3c25366e973f","Ryan","Jeffers",,"2.3",,"IF","Minnesota Twins",,
"26201624-5c40-41c9-ac07-ba3032a8835e","Austin","Barnes",,"2.3",,"IF","Los Angeles Dodgers",,
"069018d7-c4b6-4297-a052-e4dac15902b8","Ryan","McKenna",,"2.2",,"OF","Baltimore Orioles",,
"4b663b4d-f133-4586-af56-6f816c1f27fa","Sam","Haggerty",,"2.2",,"OF","Seattle Mariners",,
"0bf3ee0c-ae51-411c-b9ee-c7e5deb54ac5","Dominic","Smith",,"2.2",,"IF","Washington Nationals",,
"0622609e-358d-4b93-b5f8-a4eaaf713314","Jake","Meyers",,"2.2",,"OF","Houston Astros",,
"15c32533-6fea-4431-8f8a-f4060b0df619","Tommy","Pham",,"2.2",,"OF","New York Mets",,
"ecd75478-c57f-4374-b26f-b4c71418937f","Santiago","Espinal",,"2.2",,"IF","Toronto Blue Jays",,
"f2fbcf18-e480-45e6-bbd2-abf9e185c256","Taylor","Walls",,"2.2",,"IF","Tampa Bay Rays",,
"49628362-25a5-4a5b-b3df-74d8a6f2e018","Josh","Harrison",,"2.2",,"IF","Philadelphia Phillies",,
"58fe2cd2-71a2-487f-a8f1-5420503513f1","Zach","McKinstry",,"2.2",,"IF","Chicago Cubs",,
"9ecb565f-9b56-4797-bab5-d0725905d9f2","Miles","Mastrobuoni",,"2.2",,"IF","Chicago Cubs",,
"baf9cb4a-c9d4-4f1d-a966-bdd2c8d39064","Edmundo","Sosa",,"2.1",,"IF","Philadelphia Phillies",,
"f20fb9da-c442-4f3c-bc0b-f11211ecda1e","Nicky","Lopez",,"2.1",,"IF","Kansas City Royals",,
"b9cbb35e-4962-4db4-a5f5-7be5363db100","Luis","Guillorme",,"2.1",,"IF","New York Mets",,
"90e8cdc7-731e-40ea-bdb3-877c00227763","Kyle","Higashioka",,"2.1",,"IF","New York Yankees",,
"5c02e4ff-9dc1-4570-9bbc-2a1708828d0b","Cooper","Hummel",,"2.1",,"OF","Seattle Mariners",,
"93a1953d-b386-4657-8f4d-42056f71e9ed","Mike","Moustakas",,"2.1",,"OF","Colorado Rockies",,
"0757f649-5872-4c89-b3da-a8273b0f8bab","Cam","Gallagher",,"2.0",,"IF","Cleveland Guardians",,
"b10ffc06-9e14-423f-ba03-debcb9e9d4c6","Tom","Murphy",,"2.0",,"IF","Seattle Mariners",,
"d71cd665-5d38-47a6-a2bc-ac2684795f15","Brent","Rooker",,"2.0",,"OF","Oakland Athletics",,
"c961ee07-aede-44cd-b15a-da4f5557c914","Romy","González",,"2.0",,"IF","Chicago White Sox",,
"4fd5835b-2c75-47d4-99e9-c4027d40d88b","Yan","Gomes",,"2.0",,"IF","Chicago Cubs",,
"032d8f8a-9d7d-49ab-b7cb-c866b95fa94d","Estevan","Florial",,"2.0",,"OF","New York Yankees",,
"3168375c-3422-4197-b4b1-01f4acda01e6","Mauricio","Dubón",,"2.0",,"OF","Houston Astros",,
"fb0bfc74-3d76-4773-bf46-3c5d0867c576","Brett","Phillips",,"2.0",,"OF","Los Angeles Angels",,
"39f79e6d-7202-401b-890f-9710b7c5012a","Josh","Smith",,"2.0",,"IF","Texas Rangers",,
"3ae295e6-fa16-4294-9302-3d38be26e252","Nick","Madrigal",,"1.9",,"IF","Chicago Cubs",,
"f8f448a1-25dd-4be1-9072-3d88d27df65e","Andrew","Knizner",,"1.9",,"IF","St. Louis Cardinals",,
"786d2eda-794c-44ff-8111-84d6d2bb776c","Luis","García",,"1.9",,"IF","Washington Nationals",,
"e6af04d1-6be1-44f3-946d-5cfac4a1a2c3","Geraldo","Perdomo",,"1.9",,"IF","Arizona Diamondbacks",,
"412d511f-0658-4556-b49b-fe1d7fe30511","Brian","Serven",,"1.9",,"IF","Colorado Rockies",,
"0bd35306-8dd4-403f-830e-c2fc9e481e59","Roberto","Pérez",,"1.8",,"IF",,,
"4a3bf935-4c8d-48c2-bdcb-779e50fbdb0a","Meibrys","Viloria",,"1.8",,"IF","Cleveland Guardians",,
"9a61221c-80d1-4ab8-a380-1df8a730d15e","Luke","Raley",,"1.8",,"OF","Tampa Bay Rays",,
"27e1dcd5-3002-469a-ab9f-887a5d10698f","Alek","Thomas",,"1.8",,"OF","Arizona Diamondbacks",,
"ed2d4d8e-237c-43d4-b281-9dee4d045da7","Tomás","Nido",,"1.7",,"IF","New York Mets",,
"bb948ace-c891-45bf-afc1-13726273d211","Ryan","Kreidler",,"1.7",,"IF","Detroit Tigers",,
"82371c5c-aaa6-463a-b406-84913ff5f660","Harold","Castro",,"1.7",,"IF","Colorado Rockies",,
"fa45aa7c-4f58-4993-b651-044ff90cf1ff","Gavin","Sheets",,"1.6",,"OF","Chicago White Sox",,
"504bd515-7715-4912-8864-e6dc4f228ea3","Jose","Barrero",,"1.6",,"IF","Cincinnati Reds",,
"c0b60a7e-bf56-4567-a6c0-e248d718f3f7","Riley","Adams",,"1.6",,"IF","Washington Nationals",,
"81ee87bd-689d-4009-84dd-0f171c7f7e8e","Nick","Allen",,"1.5",,"IF","Oakland Athletics",,
"b7c9c742-76ac-47fc-948d-344c5f465718","Jose","Herrera",,"1.3",,"IF","Arizona Diamondbacks",,
"b60f3499-1bab-46e0-ad7a-332e225023b2","Taylor","Motter",,"1.3",,"IF","St. Louis Cardinals",,
"4e9f5779-ef6a-4d71-9c62-3cde62088862","Cristian","Pache",,"1.3",,"OF","Oakland Athletics",,
"bb10311d-67be-4688-b041-6d3598c12520","Devin","Williams",,"1.0",,"P","Milwaukee Brewers",,
"f4c38d50-d736-4af6-802e-a651f660933e","Jhoan","Duran",,"0.9",,"P","Minnesota Twins",,
"3184a68a-93cd-4654-8b72-3a988a737af4","Alexis","Díaz",,"0.9",,"P","Cincinnati Reds",,
"6d86e586-ca55-4423-8836-4acca9bbbf19","Dylan","Lee",,"0.8",,"P","Atlanta Braves",,
"13c1d7cd-63d9-4edf-a787-21e1789e55c4","Jason","Adam",,"0.8",,"P","Tampa Bay Rays",,
"4fd16064-77a7-4609-beb2-cf4471c04a6b","Félix","Bautista",,"0.8",,"P","Baltimore Orioles",,
"7acbf608-9528-4860-9589-03ce134b84ec","Pete","Fairbanks",,"0.8",,"P","Tampa Bay Rays",,
"d5e5dbb5-2dee-4b98-8066-6899b618192f","Scott","Barlow",,"0.8",,"P","Kansas City Royals",,
"65b85b5d-9c81-418e-9a29-6bafe79ca758","Ron","Marinaccio",,"0.8",,"P","New York Yankees",,
"17fad7eb-1e0e-485e-895f-02f42f98d108","Craig","Kimbrel",,"0.8",,"P","Philadelphia Phillies",,
"5aa78038-35a6-40af-8fec-72a98ce37739","Kenley","Jansen",,"0.8",,"P","Boston Red Sox",,
"88da2247-ffb5-4ff7-b224-228c4943c5ee","A.J.","Minter",,"0.8",,"P","Atlanta Braves",,
"525f2c41-4164-43a3-b194-aa0fcd56dac2","Evan","Phillips",,"0.8",,"P","Los Angeles Dodgers",,
"40f9fc6d-399f-477f-8190-3da0776cd554","Caleb","Thielbar",,"0.8",,"P","Minnesota Twins",,
"5eeae93f-6a6d-4ffd-a728-9ff32d612cc4","David","Bednar",,"0.8",,"P","Pittsburgh Pirates",,
"441fc12a-26f4-4cee-9cf1-10e45809fedd","Keegan","Thompson",,"0.7",,"P","Chicago Cubs",,
"b988a089-28b9-4142-b420-5c4d05e1b70f","Jordan","Romano",,"0.7",,"P","Toronto Blue Jays",,
"79d659a9-e372-43fb-9802-7e302e8416a5","Brad","Boxberger",,"0.7",,"P","Chicago Cubs",,
"7b7c9397-da7f-4a3b-8d44-5de6da374614","Ryan","Pressly",,"0.7",,"P","Houston Astros",,
"9954869b-3dad-4b25-9a15-e22f79599f91","Dinelson","Lamet",,"0.7",,"P","Colorado Rockies",,
"8a3250c8-855e-4ad5-9204-c5f500243c29","Drey","Jameson",,"0.7",,"P","Arizona Diamondbacks",,
"b60d1619-01b5-4ffa-bb12-87ae2fde8c81","Hector","Neris",,"0.7",,"P","Houston Astros",,
"159807ee-1350-4d60-918f-94b078d4e3ce","Collin","McHugh",,"0.7",,"P","Atlanta Braves",,
"fcb41d38-cf33-49c0-bf5c-42efed9a72a4","Emmanuel","Clase",,"0.7",,"P","Cleveland Guardians",,
"3f555faa-39eb-4077-a524-2d91bdd48243","Adam","Ottavino",,"0.7",,"P","New York Mets",,
"3eb4f482-9351-465f-8633-2cdc2acfe4dc","Gregory","Soto",,"0.7",,"P","Philadelphia Phillies",,
"33a42ba0-9813-4728-9dc1-97e0cfb244bc","Clay","Holmes",,"0.7",,"P","New York Yankees",,
"a11eb31f-4673-4c8d-b468-3f068862cd04","Jorge","López",,"0.7",,"P","Minnesota Twins",,
"de2b93c7-4fdd-48c2-89b6-d26fd13f489f","Adbert","Alzolay",,"0.7",,"P","Chicago Cubs",,
"eb5f608e-b1bf-4477-b364-6cb218fbed81","Taylor","Hearn",,"0.7",,"P","Texas Rangers",,
"d73c1320-81a6-4ae4-a079-cd25bad3e4c9","Kevin","Kelly",,"0.7",,"P","Tampa Bay Rays",,
"cba32e1b-43ce-49af-b4f4-9faaef13c4e4","Jose","Hernandez",,"0.7",,"P","Pittsburgh Pirates",,
"c7dbb66d-5408-4d9b-838c-8ad06e635ceb","Ryan","Helsley",,"0.7",,"P","St. Louis Cardinals",,
"17d9d122-14c7-48b9-82c3-34a08ca317fc","Peter","Strzelecki",,"0.7",,"P","Milwaukee Brewers",,
"52ba0b70-143e-4e17-881e-c5a2557c5c61","Camilo","Doval",,"0.7",,"P","San Francisco Giants",,
"bf89b369-2c04-43be-a0fb-e2e1dbd37674","Colin","Poche",,"0.6",,"P","Tampa Bay Rays",,
"9e6b3875-860c-4fb7-8d08-dc2708959035","Giovanny","Gallegos",,"0.6",,"P","St. Louis Cardinals",,
"b74b172e-e1f4-4fc1-a7d2-f7b96bcf816f","Alex","Lange",,"0.6",,"P","Detroit Tigers",,
"8acdb120-fc9d-40d4-9046-1bbb0e3466b6","Michael","Tonkin",,"0.6",,"P","Atlanta Braves",,
"9cb5e636-1d66-4a65-8e8d-b8842dff6bf3","Michael","King",,"0.6",,"P","New York Yankees",,
"5652dbbe-190a-434f-ad82-6ec8719ed402","Ryne","Stanek",,"0.6",,"P","Houston Astros",,
"a6c97640-7cba-45bd-8ff9-38975348d61d","José","Leclerc",,"0.6",,"P","Texas Rangers",,
"9bd282eb-cca2-400b-900b-97ac8ce98292","Emilio","Pagán",,"0.6",,"P","Minnesota Twins",,
"6342d25c-6e9f-49b2-a22b-6cf23d53af52","Joe","Jiménez",,"0.6",,"P","Atlanta Braves",,
"832df06f-8a50-4190-bc3d-5656bf4c05a1","Gus","Varland",,"0.6",,"P","Milwaukee Brewers",,
"2afc7ac2-aa9f-42fd-8893-cfbf522c901f","Keegan","Akin",,"0.6",,"P","Baltimore Orioles",,
"8c89670b-c921-491a-a928-d5ff00fc0211","Austin","Voth",,"0.6",,"P","Baltimore Orioles",,
"0b97dfaf-9406-4cc9-b23f-9b11b3c05941","Phil","Maton",,"0.6",,"P","Houston Astros",,
"2f7548c3-8aab-4478-837d-4fcfeea15019","Ryan","Tepera",,"0.6",,"P","Los Angeles Angels",,
"1053f47a-582a-4c9d-a6c4-166f5c65777c","Tanner","Scott",,"0.6",,"P","Miami Marlins",,
"a4550b3b-1a4b-430d-bff5-cdce57e08974","Matt","Bush",,"0.6",,"P","Milwaukee Brewers",,
"fa3afa68-bff3-4ab6-8342-396c07b7312a","Michael","Fulmer",,"0.6",,"P","Chicago Cubs",,
"fb4276e6-e2ac-40b5-8fd9-e33fc37a3464","Jake","Diekman",,"0.6",,"P","Chicago White Sox",,
"f466c22f-9ffb-4697-b531-452a2d589f53","Eli","Morgan",,"0.6",,"P","Cleveland Guardians",,
"fa0b2730-fb4d-42aa-a37c-49df2df59af9","Will","Smith",,"0.6",,"P","Texas Rangers",,
"1de64016-f0d4-481e-a80b-84a6920658ce","Jonathan","Loáisiga",,"0.6",,"P","New York Yankees",,
"cf7f923a-c565-45f5-827e-be8e8373744f","Kyle","Finnegan",,"0.6",,"P","Washington Nationals",,
"44a72816-8f4a-4bb3-8135-e37747628a8d","Matt","Moore",,"0.6",,"P","Los Angeles Angels",,
"f9790eb6-ec62-4659-8bfb-df70195eb3c8","Griffin","Jax",,"0.6",,"P","Minnesota Twins",,
"fa5716fe-3b5e-4177-809c-ce9d2b66acde","Chris","Stratton",,"0.6",,"P","St. Louis Cardinals",,
"f1c63fa4-aeab-4a6f-888b-e5ba233a675e","Tim","Herrin",,"0.6",,"P","Cleveland Guardians",,
"97818165-bd1c-4a89-ab0e-7bb683cc5752","Anthony","Bass",,"0.6",,"P","Toronto Blue Jays",,
"6cfe4dce-b547-4feb-ad6f-c51235c0b079","Diego","Castillo",,"0.6",,"P","Seattle Mariners",,
"9bb1f45a-9b9c-49fb-9159-a29b9a3a0945","Wil","Crowe",,"0.6",,"P","Pittsburgh Pirates",,
"8987e338-f155-45d1-af93-a1c4e34e6471","Taylor","Rogers",,"0.6",,"P","San Francisco Giants",,
"1cd5af20-8d56-4317-b0a2-5a68e9d4d895","Nabil","Crismatt",,"0.6",,"P","San Diego Padres",,
"c923f703-5ba4-4ff8-8e76-2f958f2bc80c","Wandy","Peralta",,"0.6",,"P","New York Yankees",,
"556303b8-4c83-4040-9969-f902245aee3a","Yimi","García",,"0.6",,"P","Toronto Blue Jays",,
"08439c24-9924-471b-aec5-d6e11b23b939","Adrian","Houser",,"0.6",,"P","Milwaukee Brewers","QUESTIONABLE",
"fa2882d7-2e89-4171-9aa3-02e55f1f3e5f","Rafael","Montero",,"0.6",,"P","Houston Astros",,
"1047d8c6-c9f4-4ef9-b2df-504a9b665e62","Aaron","Loup",,"0.6",,"P","Los Angeles Angels",,
"1569a839-862d-4130-a4ee-e3b987c88cc6","Daniel","Bard",,"0.6",,"P","Colorado Rockies",,
"bbc24a3a-61ab-4982-afe4-98b6f2ac65aa","A.J.","Puk",,"0.6",,"P","Miami Marlins",,
"ec240b52-45da-4457-acc1-e5e0331936af","Andrew","Chafin",,"0.6",,"P","Arizona Diamondbacks",,
"792030a7-9a67-41db-b9a9-965ad6d0cedd","Carlos","Vargas",,"0.6",,"P","Arizona Diamondbacks",,
"e3fa3b2a-4f57-4853-aa36-e87fedba3c85","Carlos","Estévez",,"0.5",,"P","Los Angeles Angels",,
"aaf90776-7eaa-40aa-8f23-3ad0aa9b5a38","Trevor","Richards",,"0.5",,"P","Toronto Blue Jays",,
"dc363c86-937d-4aaa-86a0-eb862ef89f59","Mason","Englert",,"0.5",,"P","Detroit Tigers",,
"2b496bb1-d5aa-49aa-9be7-9e84a899f324","Dylan","Floro",,"0.5",,"P","Miami Marlins",,
"a8380c51-cc0e-41d1-92fa-790b1dea1bd6","Duane","Underwood Jr.",,"0.5",,"P","Pittsburgh Pirates",,
"08f16f62-fcde-43aa-a768-9ed21110bfb4","Taylor","Clarke",,"0.5",,"P","Kansas City Royals",,
"00939459-47b2-4289-b051-87dc835f0d1e","Kendall","Graveman",,"0.5",,"P","Chicago White Sox",,
"9f74a21c-d078-4d50-98f3-6f37a9d1b970","Jeurys","Familia",,"0.5",,"P","Oakland Athletics",,
"61d5bc5c-754d-4472-ba82-0f2d5b46cb2f","Adam","Cimber",,"0.5",,"P","Toronto Blue Jays",,
"00af0c35-8ff9-4a73-bdc5-a0a190cdaefe","Chase","De Jong",,"0.5",,"P","Pittsburgh Pirates",,
"af2aee66-85de-46dc-84bb-97a6b9d144a8","Reynaldo","López",,"0.5",,"P","Chicago White Sox",,
"d07d6595-871c-4508-8db3-d077dee34dbb","Jakob","Junis",,"0.5",,"P","San Francisco Giants",,
"bcc81824-636e-4fdb-9c71-f13982eb1774","Brent","Suter",,"0.5",,"P","Colorado Rockies",,
"5b1a979f-00a2-4318-9aa1-1f4e2bfe135c","Andre","Pallante",,"0.5",,"P","St. Louis Cardinals",,
"827dc51f-cffd-4430-becd-56520ed7727a","Tyler","Rogers",,"0.5",,"P","San Francisco Giants",,
"33359f88-3acc-4881-a622-e23be86b2263","José","Ruiz",,"0.5",,"P","Chicago White Sox",,
"95dffcb0-f7bd-4051-a44c-5c20f6eb7a51","Brusdar","Graterol",,"0.5",,"P","Los Angeles Dodgers",,
"89d9a634-d85c-47f4-a048-0193750ca271","Tyler","Alexander",,"0.5",,"P","Detroit Tigers",,
"b0791741-fada-4bca-b463-3a791d3cedbc","Erasmo","Ramírez",,"0.5",,"P","Washington Nationals",,
"158f6efb-f5e1-4491-9c09-7484704a99fd","Carlos","Hernández",,"0.5",,"P","Kansas City Royals",,
"5fcc76f6-49da-4b5f-9612-dbd877d10278","Brad","Hand",,"0.5",,"P","Colorado Rockies",,
"7ed4c614-049b-4d61-86c4-daaefccd8156","James","Karinchak",,"0.5",,"P","Cleveland Guardians",,
"b73acf88-e948-489e-8f02-0421305e6e31","Josh","Hader",,"0.4",,"P","San Diego Padres",,
"a5dc11c5-3223-4179-925c-50b27c920433","Dennis","Santana",,"0.4",,"P","New York Mets",,
"6b6b88d2-a217-48fc-818b-3543cbe9ca3d","Seranthony","Domínguez",,"0.4",,"P","Philadelphia Phillies",,
"b8b7aa08-2ace-4b49-b6db-d0d9d2452490","José","Alvarado",,"0.4",,"P","Philadelphia Phillies",,
"c5321898-c181-43be-99ea-b5b2c43892aa","Andrew","Bellatti",,"0.4",,"P","Philadelphia Phillies",,
"346bca05-01c2-4604-93ff-0f6ac5cfdb79","Alex","Vesia",,"0.4",,"P","Los Angeles Dodgers",,
"eee04a52-c8a5-41d6-bd34-c1698f9e86ff","Aroldis","Chapman",,"0.3",,"P","Kansas City Royals",,
"1b486c90-0528-4065-a56d-931e5c435537","Trevor","Stephan",,"0.3",,"P","Cleveland Guardians",,
"a95dcf4e-e0d3-48ca-af6c-81f72f0a9d15","Andrés","Muñoz",,"0.3",,"P","Seattle Mariners",,
"2f07a029-2061-419a-845d-11244d629370","Lucas","Luetge",,"0.3",,"P","Atlanta Braves",,
"672892d8-846a-43e2-aaec-80abe81a4f5b","Chris","Martin",,"0.3",,"P","Boston Red Sox",,
"ffa9ac76-7811-4481-adc2-26a695c3cc6f","Bryan","Abreu",,"0.3",,"P","Houston Astros",,
"bf27abe5-ccd8-4387-8203-9138adee86d2","Trevor","May",,"0.3",,"P","Oakland Athletics",,
"061193f6-cac7-4697-a8bb-5497eca1abf6","Brock","Burke",,"0.3",,"P","Texas Rangers",,
"5c3560c3-e56a-4c67-8ddd-4bb1706f6a2f","Connor","Brogdon",,"0.3",,"P","Philadelphia Phillies",,
"c982ec81-810b-4f25-b85f-81a43726cf17","Jalen","Beeks",,"0.3",,"P","Tampa Bay Rays",,
"8328e43e-1305-4e93-802d-510e5dd36c32","Paul","Sewald",,"0.3",,"P","Seattle Mariners",,
"273ffdbf-2746-49aa-91a2-570adbd30280","Erik","Swanson",,"0.2",,"P","Toronto Blue Jays",,
"55b23e71-d593-46c4-af5b-2c5f6ca27a1d","Jimmy","Herget",,"0.2",,"P","Los Angeles Angels",,
"9e3eaa61-1a94-4b38-958e-818afe1984ef","Amir","Garrett",,"0.2",,"P","Kansas City Royals",,
"4e926f78-947a-4e3f-be52-0ddb3e66a5f5","John","Schreiber",,"0.2",,"P","Boston Red Sox",,
"7ba7a82a-95d4-41d4-a48e-d3da3e984cf9","Cionel","Pérez",,"0.2",,"P","Baltimore Orioles",,
"5229adb5-14ed-48ef-8c20-1350dd4fbfab","David","Robertson",,"0.2",,"P","New York Mets",,
"a705aa22-9ea8-432d-8595-87160ff290d8","Ryan","Thompson",,"0.2",,"P","Tampa Bay Rays",,
"14a79925-f26b-476d-9aff-b18c37cd2e83","Miguel","Castro",,"0.2",,"P","Arizona Diamondbacks",,
"7ffe8601-fd30-489a-8b07-65f0f2e694f2","Brooks","Raley",,"0.2",,"P","New York Mets",,
"3e898c27-ba49-40e8-9f58-486e48299a99","Pierce","Johnson",,"0.2",,"P","Colorado Rockies",,
"a97a6d59-0fe6-4612-b60e-2a1ca38448fb","Enyel","De Los Santos",,"0.2",,"P","Cleveland Guardians",,
"a5c92ad4-8648-45a6-9c40-998a7f095b1d","Phil","Bickford",,"0.2",,"P","Los Angeles Dodgers",,
"2efa5d79-aca0-4b36-b765-d9ed72548444","Tim","Mayza",,"0.2",,"P","Toronto Blue Jays",,
"3967153b-97da-4903-ae40-023d4b8f16d5","Scott","McGough",,"0.2",,"P","Arizona Diamondbacks",,
"4eed4148-3d7a-4497-a550-c4d4a08099e1","Hoby","Milner",,"0.2",,"P","Milwaukee Brewers",,
"051a6299-f157-4755-ac01-7a355b8828f2","Drew","Smith",,"0.2",,"P","New York Mets",,
"b74c8e02-4920-4385-8f72-3cd7812c02b2","Dylan","Coleman",,"0.2",,"P","Kansas City Royals",,
"14d6eed1-e733-4fd0-99e7-ece219f1a799","Nick","Nelson",,"0.2",,"P","Philadelphia Phillies","OUT",
"48f4b237-db6f-400d-ab8f-a8dea7498d96","Nick","Sandlin",,"0.2",,"P","Cleveland Guardians",,
"7aaa7918-b5ee-4170-8b20-4edbf2d776ad","Matt","Barnes",,"0.2",,"P","Miami Marlins",,
"01e67bbe-ecff-4ee9-ab55-1afde297661d","José","Cisnero",,"0.2",,"P","Detroit Tigers",,
"8ac589da-56dd-458d-ae03-befad9afc037","Aaron","Bummer",,"0.2",,"P","Chicago White Sox",,
"42ff7dc0-469a-4eee-bd42-9c2b96941a3d","Luis","García",,"0.2",,"P","San Diego Padres",,
"da63de54-c68f-4931-ae65-83816617e3e2","Buck","Farmer",,"0.2",,"P","Cincinnati Reds",,
"d1481ba8-339e-40d3-b612-16a5f183fda5","Zach","Jackson",,"0.2",,"P","Oakland Athletics",,
"33548da3-dce1-494a-bf59-74b11281f741","Andrew","Wantz",,"0.2",,"P","Los Angeles Angels",,
"67b6cb5a-dd50-4d7e-af2e-098a6a4663c6","Bryan","Baker",,"0.2",,"P","Baltimore Orioles",,
"83bbd9bb-1dfb-4df3-8659-96448e2188f5","Julian","Merryweather",,"0.2",,"P","Chicago Cubs",,
"06fac0ed-5517-43bd-93d4-55ae2b1acd41","Josh","Sborz",,"0.2",,"P","Texas Rangers",,
"4687df4a-2bcb-457a-8329-dd5b9592bd04","Jorge","Alcala",,"0.2",,"P","Minnesota Twins",,
"a2be65e6-abca-44bd-85d2-56455420dce9","Tim","Hill",,"0.2",,"P","San Diego Padres",,
"816a1d9e-6edc-41b7-aedc-d8142c715a17","Chris","Flexen",,"0.2",,"P","Seattle Mariners",,
"44a8afb0-1d1d-49d3-97c6-e37fee445542","Cole","Sulser",,"0.2",,"P","Arizona Diamondbacks",,
"4aa82795-3db2-4ed2-8c81-ebfc28cc3d88","Caleb","Ferguson",,"0.2",,"P","Los Angeles Dodgers",,
"23d23958-8dda-47e3-8efe-15c5d543585b","José","Quijada",,"0.2",,"P","Los Angeles Angels",,
"732b5f6c-b839-414d-bd1f-86a63eb894f6","Jovani","Moran",,"0.1",,"P","Minnesota Twins",,
"bc4bbac3-34b5-48a1-b1ab-743f53256c14","Penn","Murfee",,"0.1",,"P","Seattle Mariners",,
"51b32e71-2e72-405c-9dc5-7d71cf13bf48","Ian","Gibaut",,"0.1",,"P","Cincinnati Reds",,
"5cfb5904-cd5f-40dd-9133-4c328ee174d4","Carl","Edwards Jr.",,"0.1",,"P","Washington Nationals",,
"3281df43-0dc4-4f5d-bf09-f34ce145da4b","Albert","Abreu",,"0.1",,"P","New York Yankees",,
"f02ea148-0c0f-45b4-a014-c0fa0e0af291","Yency","Almonte",,"0.1",,"P","Los Angeles Dodgers",,
"52a738f7-9be7-48d2-be14-a0ebb6da1d41","Domingo","Acevedo",,"0.1",,"P","Oakland Athletics",,
"26fe4c0d-7022-4524-b266-3a3e74a7d75c","Steven","Wilson",,"0.1",,"P","San Diego Padres",,
"5406fc5a-e414-469f-b972-03c342db7904","Richard","Bleier",,"0.1",,"P","Boston Red Sox",,
"e8ff7c26-b010-4296-85a4-d6095e74c5d4","Ryan","Brasier",,"0.1",,"P","Boston Red Sox",,
"9a708a65-5323-445f-9f6a-1430231405d3","JT","Chargois",,"0.1",,"P","Miami Marlins",,
"891ef2d9-974c-4856-9539-f8260bb2ce5f","Jonathan","Hernández",,"0.1",,"P","Texas Rangers",,
"2ac5be9d-d3a4-41df-ab62-1209b08a7750","Joe","Kelly",,"0.1",,"P","Chicago White Sox",,
"9a2564dd-83b9-4b4f-aac2-e8e305136e7a","Michael","Rucker",,"0.1",,"P","Chicago Cubs",,
"1d69cfa6-8d0e-4c5e-ae8d-dd4f83325a2b","Sam","Moll",,"0.1",,"P","Oakland Athletics",,
"cefd2394-16a4-4c2b-adc9-e2a0514b9b11","Joel","Payamps",,"0.1",,"P","Milwaukee Brewers",,
"40243569-5a12-47cc-987b-874caf49a85d","Garrett","Cleavinger",,"0.1",,"P","Tampa Bay Rays",,
"04f1113a-8ad1-4501-b8cd-75ea5cc88b71","John","Curtiss",,"0.1",,"P","New York Mets",,
"0df7a9d7-39f1-49b8-9d76-8a7d6e3a16bf","Hunter","Harvey",,"0.1",,"P","Washington Nationals",,
"9c3e1660-eb20-4657-9e7b-045ff71f45d1","Matt","Brash",,"0.1",,"P","Seattle Mariners",,
"22ec2d68-0777-4417-9b2b-b556e0368590","Joey","Krehbiel",,"0.1",,"P","Baltimore Orioles",,
"7a61f772-a779-4e70-9584-2ffdecc2d457","John","Brebbia",,"0.1",,"P","San Francisco Giants",,
"e1de2a56-7aa2-49b5-9fcf-97f1cb9a0fd2","Reiver","Sanmartin",,"0.1",,"P","Cincinnati Reds",,
"9120f9cf-beaa-480c-98ea-a60e4b667249","Javier","Assad",,"0.1",,"P","Chicago Cubs",,
"e068522b-4018-4d35-8065-6fbdefbc4060","Matt","Festa",,"0.1",,"P","Seattle Mariners",,
"b2585e64-c566-4c8e-afed-b641932eeaff","Seth","Martinez",,"0.1",,"P","Houston Astros",,
"d7266005-4697-4367-b858-436efd6263af","Jordan","Hicks",,"0.1",,"P","St. Louis Cardinals",,
"38883f3a-2adf-4405-9cd2-09a0498bb72d","Dany","Jiménez",,"0.1",,"P","Oakland Athletics",,
"af2e4860-0fd0-499c-a4b0-e3cfacc98c14","Zach","Pop",,"0.1",,"P","Toronto Blue Jays",,
"3a2e530f-42f4-4c6f-949e-7dad0b9be664","Jimmy","Lambert",,"0.1",,"P","Chicago White Sox",,
"7bcca017-7f36-464e-ba7b-2ee67f332aea","Huascar","Brazoban",,"0.1",,"P","Miami Marlins",,
"1059c965-8090-41d9-9b8a-e4c1d156ef2d","Joel","Kuhnel",,"0.1",,"P","Cincinnati Reds",,
"2f28810f-78de-487a-9c23-bf8df8d3c2fe","Nick","Anderson",,"0.1",,"P","Atlanta Braves",,
"8e580d25-f450-4c83-8dc4-ec14fe2ea77a","John","King",,"0.1",,"P","Texas Rangers",,
"dc75bdf7-3d95-4fa2-86e0-0e8353bf3e04","Josh","Winckowski",,"0.1",,"P","Boston Red Sox",,
"9eba71c2-b597-46df-bacc-d4517e5036a0","Yunior","Marte",,"0.1",,"P","Philadelphia Phillies",,
"101744e8-752e-4310-9ede-324632eaf946","Dauri","Moreta",,"0.1",,"P","Pittsburgh Pirates",,
"26cb9478-ab47-4784-98d9-a2088c1d77ee","Fernando","Cruz",,"0.1",,"P","Cincinnati Reds",,
"53999ee6-5ce0-4c58-ad31-362af936a2fb","Colin","Holderman",,"0.1",,"P","Pittsburgh Pirates",,
"8be7b2c0-c3ea-4d42-bea7-5c51cfb0b123","Kevin","Ginkel",,"0.1",,"P","Arizona Diamondbacks",,
"6b48ff2b-5007-45b6-bd29-ce601f42d486","Justin","Lawrence",,"0.1",,"P","Colorado Rockies",,
"c9852ebf-6862-4560-9d08-62c6c7663660","Calvin","Faucher",,"0.1",,"P","Tampa Bay Rays",,
"d27dd597-a00f-4d0f-8686-a62819fc8dee","Zack","Thompson",,"0.1",,"P","St. Louis Cardinals",,
"623a12fe-f0ca-44a8-8dfa-bbbee6a6f287","Kyle","Nelson",,"0.0",,"P","Arizona Diamondbacks",,
"b5f27c06-f26f-45b5-a2cd-c63f8ddaedbe","Trevor","Gott",,"0.0",,"P","Seattle Mariners",,
"8fb7cc81-6978-43d5-bb79-ca24aca646eb","Stephen","Nogosek",,"0.0",,"P","New York Mets",,
"6b2508c1-b386-4120-b28a-6a9526428867","Mason","Thompson",,"0.0",,"P","Washington Nationals",,
"4f5b24c3-e615-459b-adc3-ca455aa2a3ec","Scott","Alexander",,"0.0",,"P","San Francisco Giants",,
"7a081dfb-69a9-4192-8c16-5c4a1f4bb334","Jason","Foley",,"0.0",,"P","Detroit Tigers",,
"b88671a9-102d-4fa3-b382-f49adc39d2d6","Andre","Jackson",,"0.0",,"P","Los Angeles Dodgers",,
"566fe638-7fcd-48fc-81b1-8be34e477268","Kaleb","Ort",,"0.0",,"P","Boston Red Sox",,
"c94c66af-a26e-4549-881c-eac46ad06c0e","Zack","Kelly",,"0.0",,"P","Boston Red Sox",,
"c794bba8-f0d5-4ce0-afe1-943e18eca77d","Yerry","De Los Santos",,"0.0",,"P","Pittsburgh Pirates",,
"1729db8d-7cf4-4ac3-9110-78eb07f24696","Cole","Sands",,"0.0",,"P","Minnesota Twins",,
"d5015df5-6cf0-47d0-8338-ce73858b3ae1","Andrew","Nardi",,"0.0",,"P","Miami Marlins",,
"24ef3ac4-9c5e-4d6d-bf87-1003f9259f8b","Andrew","Vasquez",,"0.0",,"P","Philadelphia Phillies",,
"13472297-763d-4e7a-a46c-ad7a0c50ab13","Drew","VerHagen",,"0.0",,"P","St. Louis Cardinals",,
"4de7fa56-b306-4cf8-aa16-885689d4da79","Shelby","Miller",,"0.0",,"P","Los Angeles Dodgers",,
"9fd02cb2-6cd7-41d3-baf9-be4b3698edfa","Logan","Gillaspie",,"0.0",,"P","Baltimore Orioles",,
"ba811e50-745a-4527-b1ec-7b5338c6527c","Sean","Hjelle",,"0.0",,"P","San Francisco Giants",,
"c5d5bcad-6018-43d0-a472-0b346c18c8c0","Mike","Baumann",,"0.0",,"P","Baltimore Orioles",,
"ae96cae3-55b9-4c97-9af5-b4e835de5712","Kirby","Yates",,"0.0",,"P","Atlanta Braves",,
"019c1509-f546-4de5-af7a-caac90d22fac","Jimmy","Cordero",,"0.0",,"P","New York Yankees",,
"dbc909f5-7fa4-4099-88e9-c9b1103d3c7e","Sam","Hentges",,"0.0",,"P","Cleveland Guardians","OUT",
"00338015-cbd5-4e81-87e2-fcc2cad79778","Kyle","Hendricks",,"0.0",,"P","Chicago Cubs","OUT",
"00443206-87aa-4ff6-a875-af484ada6cc8","Bryce","Harper",,"0.0",,"OF","Philadelphia Phillies","OUT",
"005e8440-c394-46ab-8624-163c73796c21","Royce","Lewis",,"0.0",,"IF","Minnesota Twins","OUT",
"00b0a3dc-a3ff-4ccb-845d-7fbaa5afab00","Noah","Syndergaard",,"0.0",,"P","Los Angeles Dodgers",,
"00b6aa72-5476-4667-ac47-dcbf7e5beae3","Jhony","Brito",,"0.0",,"P","New York Yankees",,
"00cf6a60-4afa-41fb-a57e-e55f2f814adc","Lucas","Giolito",,"0.0",,"P","Chicago White Sox",,
"0103dfb3-060c-46a7-8a96-f1d0d24552be","Sonny","Gray",,"0.0",,"P","Minnesota Twins",,
"014d8e84-304a-4900-8135-e31de7d562ca","Justin","Dunn",,"0.0",,"P","Cincinnati Reds","OUT",
"01f55431-3293-440b-88b9-42ec14d76d4c","Michael","Plassmeyer",,"0.0",,"P","Philadelphia Phillies",,
"027e8d27-93ce-45bd-bcaa-e53ce94c0bf0","Nick","Mears",,"0.0",,"P","Colorado Rockies",,
"045eea09-75c2-4547-9499-cb8d3b6af3d9","Jonathan","Stiever",,"0.0",,"P","Chicago White Sox",,
"0463ca94-041d-43c7-a0f2-415ac02cf49d","Angel","Zerpa",,"0.0",,"P","Kansas City Royals","OUT",
"0499fe6c-de0e-4f1b-a067-00a6578d0e19","Graham","Ashcraft",,"0.0",,"P","Cincinnati Reds",,
"050f9b0e-aa1b-4edd-aace-462d3dc93464","Hyun Jin","Ryu",,"0.0",,"P","Toronto Blue Jays","OUT",
"0751325c-2202-477c-8e8f-d0d2edf2b133","Akil","Baddoo",,"0.0",,"OF","Detroit Tigers",,
"07866b85-c0c6-440c-995b-4cde8e673788","Vladimir","Gutierrez",,"0.0",,"P","Cincinnati Reds","OUT",
"07b9d966-9f78-4c45-a36a-784e5a65233c","Greg","Weissert",,"0.0",,"P","New York Yankees",,
"0865a381-e281-47a9-ad76-715e8432e424","Shintaro","Fujinami",,"0.0",,"P","Oakland Athletics",,
"08cd8e88-41b7-4822-97e1-f1be4a117318","Tarik","Skubal",,"0.0",,"P","Detroit Tigers","OUT",
"0993293d-824e-4d89-b566-d31cb110123e","Jorge","Polanco",,"0.0",,"IF","Minnesota Twins","OUT",
"0a751706-bc7b-4ce1-875e-ccfbb877d443","Randal","Grichuk",,"0.0",,"OF","Colorado Rockies","OUT",
"0adef9a0-9c7b-4943-9313-ff572a10c9cd","Trevor","Megill",,"0.0",,"P","Minnesota Twins",,
"0b36e8db-2745-4818-ab67-4a30c1429777","Kevin","Smith",,"0.0",,"IF","Oakland Athletics",,
"0c757208-9db5-46b9-9775-8e8e19a13f73","Rowan","Wick",,"0.0",,"P",,,
"0c811ab7-7748-43dc-82b9-d2c5cb395252","Mark","Melancon",,"0.0",,"P","Arizona Diamondbacks","OUT",
"0f1735ce-ad0a-4e42-ba39-e765d76cef01","Ryne","Nelson",,"0.0",,"P","Arizona Diamondbacks",,
"0f4a0e9d-b4c3-41f2-a966-c25f23046f08","Tyson","Miller",,"0.0",,"P","Milwaukee Brewers",,
"0f5fa320-a054-48d9-b97f-af01c009e7fa","Tanner","Houck",,"0.0",,"P","Boston Red Sox",,
"0f8b09d6-921b-44b0-b19c-260018e07f5a","Michael","Toglia",,"0.0",,"OF","Colorado Rockies",,
"0ff44448-dd40-4158-8cd4-2536f507225b","Brandon","Bielak",,"0.0",,"P","Houston Astros",,
"106b5a85-9dd8-4e81-a854-39fd436b271b","Reid","Detmers",,"0.0",,"P","Los Angeles Angels",,
"1078e0d4-8643-49d8-bfd7-ce0cf68a9bae","Keston","Hiura",,"0.0",,"IF",,,
"10e01cbf-5ff9-49ca-99e7-ab0d25ae4df4","Caleb","Kilian",,"0.0",,"P","Chicago Cubs",,
"123c051c-e376-4be6-8352-24342d24ee64","Tyler","Mahle",,"0.0",,"P","Minnesota Twins",,
"126c995e-4eeb-4f83-a153-441deca5206f","JP","Sears",,"0.0",,"P","Oakland Athletics",,
"12defb1e-61dc-4e5c-9efa-96e683ad4af5","Chris","Sale",,"0.0",,"P","Boston Red Sox",,
"132e2fff-2535-439d-b633-f88459e29682","Chris","Rodriguez",,"0.0",,"P","Los Angeles Angels",,
"13e0880d-3680-4aad-a649-2de481695d94","Nick","Senzel",,"0.0",,"OF","Cincinnati Reds","OUT",
"143f7b55-6a4d-4a85-9535-2f58bad25383","Eguy","Rosario",,"0.0",,"IF","San Diego Padres","OUT",
"144a91be-a0ff-4c8d-8063-cff47238eb4c","Justin","Bruihl",,"0.0",,"P","Los Angeles Dodgers",,
"149e79e2-181c-4cbf-aad2-1d595a02a623","Kyle","Wright",,"0.0",,"P","Atlanta Braves","OUT",
"1560290a-409a-49c7-b836-f72eb13adbff","Gilberto","Celestino",,"0.0",,"OF","Minnesota Twins","OUT",
"162ab178-a7af-49a4-86cb-6bf3a9616147","Ben","Rortvedt",,"0.0",,"IF","New York Yankees","OUT",
"164674b1-360d-4679-b036-bac8386828c5","James","Kaprielian",,"0.0",,"P","Oakland Athletics",,
"1674960f-e6be-4439-ac52-ab119e239132","Joan","Adon",,"0.0",,"P","Washington Nationals",,
"1690e916-29cf-4637-a812-a43b06ed5666","Justin","Garza",,"0.0",,"P","Los Angeles Angels",,
"17bf753d-e2a8-41f5-9c41-42aad998d9a8","Cole","Irvin",,"0.0",,"P","Baltimore Orioles",,
"1879bb72-73f0-4f65-ac30-17f25b090786","Jeremiah","Estrada",,"0.0",,"P","Chicago Cubs",,
"193dfd01-a795-40eb-b35b-69d6dd712094","Adrian","Martinez",,"0.0",,"P","Oakland Athletics",,
"19f1347e-ce20-49ce-b073-0a986de433a5","Jake","Woodford",,"0.0",,"P","St. Louis Cardinals",,
"1ae42407-21f5-44dc-97ad-3ea6d5f4f354","Garrett","Crochet",,"0.0",,"P","Chicago White Sox","OUT",
"1b2e3f1e-1e95-4db6-b4b9-4898d9e27f7d","Garrett","Whitlock",,"0.0",,"P","Boston Red Sox","OUT",
"1b8173af-4b0a-4e3d-8479-5aa13c6c708f","Carlos","Carrasco",,"0.0",,"P","New York Mets",,
"1c01d393-8c41-4903-b5cf-86245ce83712","Joe","Ryan",,"0.0",,"P","Minnesota Twins",,
"1c36bf3c-8895-45a1-ac37-97b3b1644773","Yonny","Chirinos",,"0.0",,"P","Tampa Bay Rays",,
"1cb1b54b-ccd8-4101-a02d-443d121d8962","James","McCann",,"0.0",,"IF","Baltimore Orioles","OUT",
"1d79f7e3-f11a-4da4-99a7-5cd20b1cc576","Tommy","Kahnle",,"0.0",,"P","New York Yankees","OUT",
"1dba22ca-3c7f-42fa-81f6-dc6b617b1987","Packy","Naughton",,"0.0",,"P","St. Louis Cardinals",,
"1dcdb026-7052-4d3a-96eb-3bf64b41e06b","MacKenzie","Gore",,"0.0",,"P","Washington Nationals",,
"1e41be21-023d-46a9-9119-932628a3de85","Frank","German",,"0.0",,"P","Chicago White Sox",,
"2017137d-9387-48a1-affc-2bc980ac6511","Paolo","Espino",,"0.0",,"P","Washington Nationals",,
"205a9db2-62b6-42a7-961e-79580823d819","Jordan","Lyles",,"0.0",,"P","Kansas City Royals",,
"21b03220-a834-4313-8169-14a029add310","Johan","Oviedo",,"0.0",,"P","Pittsburgh Pirates",,
"226c085a-7dec-4741-b03a-b6c7c3ba53f8","Aaron","Civale",,"0.0",,"P","Cleveland Guardians",,
"22d492de-3ff2-42e0-b245-1c0e897d9a03","Joe","Barlow",,"0.0",,"P","Texas Rangers",,
"22e2b4d5-aada-4515-97ba-97600e744e00","Javy","Guerra",,"0.0",,"P","Milwaukee Brewers",,
"23f9e5b0-d3f5-4f36-935e-c11f8e1782af","Josiah","Gray",,"0.0",,"P","Washington Nationals",,
"240f696f-6c48-46ca-8c5f-49d20f859201","Fernando","Tatis Jr.",,"0.0",,"IF","San Diego Padres","OUT",
"2438342f-2ad1-4ffc-83fc-18124c4da247","Josh","Fleming",,"0.0",,"P","Tampa Bay Rays",,
"2463ec87-610a-4d57-899d-146d0c4fb4f3","Shawn","Armstrong",,"0.0",,"P","Tampa Bay Rays","OUT",
"248199d7-5ead-4e74-aa29-521cc6832394","Alex","Cobb",,"0.0",,"P","San Francisco Giants",,
"24ddc82b-0791-4234-97be-19d560e620f8","Tyler","Glasnow",,"0.0",,"P","Tampa Bay Rays","OUT",
"25bf0597-1523-4248-afed-154a2439c3c7","Leody","Taveras",,"0.0",,"OF","Texas Rangers","OUT",
"26f899c5-d9c9-468b-84f6-fc048b765b0c","José","Suarez",,"0.0",,"P","Los Angeles Angels",,
"28c6d1db-a383-4c41-b365-2466a2bfe99e","Manny","Piña",,"0.0",,"IF","Oakland Athletics","OUT",
"29375ac8-adb2-4131-8dce-63148071353a","Cristopher","Sánchez",,"0.0",,"P","Philadelphia Phillies","OUT",
"2940acf1-2b81-479e-94f0-dbcabd981e28","Walker","Buehler",,"0.0",,"P","Los Angeles Dodgers","OUT",
"299ed3f3-cd00-4252-87e6-e194c56cd344","Bailey","Falter",,"0.0",,"P","Philadelphia Phillies",,
"29ac1add-2385-4155-bf14-35124cd90e4e","Enoli","Paredes",,"0.0",,"P","Houston Astros",,
"29eaf61e-eced-44db-a781-246849182f4e","Jeffrey","Springs",,"0.0",,"P","Tampa Bay Rays",,
"2a0db90e-ae08-46ae-94c2-fb763f5f5403","Danny","Mendick",,"0.0",,"IF","New York Mets",,
"2a1378b1-9ad8-47bb-86d7-7beebee4a10c","Sam","Long",,"0.0",,"P","San Francisco Giants",,
"2a69263e-aeed-480e-8317-925366ddb374","Jarlín","García",,"0.0",,"P","Pittsburgh Pirates","OUT",
"2ad3ce72-8034-4d27-b746-09e54b66200a","Robbie","Ray",,"0.0",,"P","Seattle Mariners",,
"2aff3fb4-ac31-418c-86ee-1081e317c3e1","Garrett","Hampson",,"0.0",,"OF","Miami Marlins",,
"2b21d601-74e3-424f-8a06-6d7aa9cdf522","Matthew","Boyd",,"0.0",,"P","Detroit Tigers","QUESTIONABLE",
"2c0dbe05-48ff-4ce8-9252-1f408e0dd915","Ronel","Blanco",,"0.0",,"P","Houston Astros",,
"2d8ec8ca-1e83-41a1-a1ec-840a817f3391","Cole","Ragans",,"0.0",,"P","Texas Rangers",,
"2fd2991f-e591-47f6-8bea-31310a3d5e33","J.P.","Feyereisen",,"0.0",,"P","Los Angeles Dodgers",,
"301b6861-061b-4d37-8cda-b4344e8a445d","Logan","Gilbert",,"0.0",,"P","Seattle Mariners",,
"30c187f6-facf-4852-a65e-528819530e0b","Trevor","Rogers",,"0.0",,"P","Miami Marlins",,
"3126f375-c562-461a-bcc9-cca2ff883a7b","Jose","Butto",,"0.0",,"P","New York Mets",,
"32930714-7972-4fcf-a170-7bc834ef2ff6","Liam","Hendriks",,"0.0",,"P","Chicago White Sox","OUT",
"34471039-d2d1-4974-9d0f-6f0f01166280","Hunter","Brown",,"0.0",,"P","Houston Astros",,
"362bf677-af4d-42bb-beb7-f963ef40631d","Glenn","Otto",,"0.0",,"P","Texas Rangers","OUT",
"364102ac-3929-4d75-a701-a69d454a7231","Rony","García",,"0.0",,"P","Detroit Tigers",,
"3728df04-be59-48ed-b390-e92f3628c21f","Luis","Ortiz",,"0.0",,"P","Philadelphia Phillies",,
"37750688-de06-4c35-8af3-eb99f4c5bf72","Matt","Strahm",,"0.0",,"P","Philadelphia Phillies",,
"378ea2ae-9929-49e0-b70e-d9c5a568bd67","Vidal","Bruján",,"0.0",,"IF","Tampa Bay Rays",,
"3806ab43-5267-48e6-9904-7ac6494c9bb5","Adam","Oller",,"0.0",,"P","Oakland Athletics","QUESTIONABLE",
"39e647d7-2168-46ef-9920-e3adbfbff75a","Lance","McCullers Jr.",,"0.0",,"P","Houston Astros","OUT",
"3a2f3045-3201-4308-8802-edf7cc9a5e65","Braxton","Garrett",,"0.0",,"P","Miami Marlins",,
"3abbe42a-e750-494f-997d-d5295716613d","JT","Brubaker",,"0.0",,"P","Pittsburgh Pirates","OUT",
"3abfcb10-7c5e-40e4-9add-9de2baf0eee4","Zach","Thompson",,"0.0",,"P","Toronto Blue Jays",,
"3b23987f-d4b4-4b46-9312-576c56697d77","José","Quintana",,"0.0",,"P","New York Mets","OUT",
"3c004a81-ab6b-46dd-9574-4a6cf4ad9fa6","Zach","Plesac",,"0.0",,"P","Cleveland Guardians",,
"3c93438a-8b84-4702-8a04-be935f3c44a9","Bruce","Zimmermann",,"0.0",,"P","Baltimore Orioles",,
"3cbc94e2-4eb6-4bc2-a0ae-d8344a274a75","Bryse","Wilson",,"0.0",,"P","Milwaukee Brewers",,
"3ce3a397-61cd-4767-b7d4-8bb26f4e68bf","Carter","Kieboom",,"0.0",,"IF","Washington Nationals","OUT",
"3dd19eae-74ee-4575-8442-e770a9020358","Christopher","Morel",,"0.0",,"IF","Chicago Cubs",,
"3e4267e3-b176-41c8-bbda-444f85330685","Kodai","Senga",,"0.0",,"P","New York Mets",,
"3edcd9a1-4d09-418d-bc2e-94ed4166038d","Brent","Honeywell Jr.",,"0.0",,"P","San Diego Padres",,
"3f8797d2-6729-40aa-a45c-78080ad7da33","Gavin","Lux",,"0.0",,"IF","Los Angeles Dodgers","OUT",
"4063d9a5-1f6e-4eff-bac9-149158df9fd9","Matt","Gage",,"0.0",,"P","Houston Astros",,
"407ebd7b-6674-40d6-b3ad-85346e741146","Tyrone","Taylor",,"0.0",,"OF","Milwaukee Brewers","OUT",
"40b5d101-4759-42ca-aeaf-5d458228b911","Kutter","Crawford",,"0.0",,"P","Boston Red Sox",,
"41d2a18b-f0dd-4abe-a9ac-63819054c625","Spencer","Turnbull",,"0.0",,"P","Detroit Tigers",,
"4209bfa3-f730-434a-9a1e-8079841a0801","Cristian","Javier",,"0.0",,"P","Houston Astros",,
"42cc3dd9-acef-4385-8503-ca0535b2db9f","Simeon","Woods Richardson",,"0.0",,"P","Minnesota Twins",,
"46676f5b-950e-45e0-92a6-69def99e9971","Cade","Cavalli",,"0.0",,"P","Washington Nationals","OUT",
"47d59541-2324-4858-af6b-7e862c2dd309","Seth","Elledge",,"0.0",,"P","Atlanta Braves",,
"4a1d6822-faff-4fc2-b98d-34c7d7dcfd54","Clarke","Schmidt",,"0.0",,"P","New York Yankees",,
"4a2b1e47-2664-4121-85d4-ee03e2db10bf","Cal","Quantrill",,"0.0",,"P","Cleveland Guardians",,
"4b6eeb07-feef-4451-baa7-d231f889789e","Lucas","Sims",,"0.0",,"P","Cincinnati Reds","OUT",
"4e2d4b59-5f44-4734-a9c5-c59613aa4283","Mitch","Haniger",,"0.0",,"OF","San Francisco Giants","OUT",
"4e42d83a-c27a-4882-8fde-7824c9ec2dd2","Alex","Faedo",,"0.0",,"P","Detroit Tigers",,
"4e67fbcd-d078-4e49-8c78-21e4d16f5fea","Bailey","Ober",,"0.0",,"P","Minnesota Twins",,
"4ecc2a87-52d2-41e1-949c-59ae70224a91","Alex","Wood",,"0.0",,"P","San Francisco Giants",,
"4fb6cefe-1ff2-40ff-b6d3-05575d445ef6","Thomas","Szapucki",,"0.0",,"P","San Francisco Giants","OUT",
"51b0632c-78d2-467d-a160-2b9e2824133d","Chris","Paddack",,"0.0",,"P","Minnesota Twins","OUT",
"520453fb-6e9b-4733-9afa-ab3d6695b9a8","Dane","Dunning",,"0.0",,"P","Texas Rangers",,
"53a57e6c-c084-4362-aa1d-fb774cab054b","Seth","Lugo",,"0.0",,"P","San Diego Padres",,
"53cc3e2d-1ce4-40e3-b118-78d511a0e080","Clayton","Kershaw",,"0.0",,"P","Los Angeles Dodgers",,
"5401aeca-589b-4a63-8165-6c243ed83931","Tyler","Holton",,"0.0",,"P","Detroit Tigers",,
"546c0113-6c0d-4f06-ac04-7d31510cac84","Dustin","May",,"0.0",,"P","Los Angeles Dodgers",,
"54a08b2f-e833-4b28-bd3b-0de57cef34ff","Kyle","Freeland",,"0.0",,"P","Colorado Rockies",,
"55262cb6-21aa-407c-81f9-ffb74892d90c","Jared","Walsh",,"0.0",,"IF","Los Angeles Angels","OUT",
"55ab17ad-c879-469a-b94d-bc104cfe421c","Nic","Enright",,"0.0",,"P","Miami Marlins","OUT",
"574caa32-17b7-4e47-86b8-9e2005489f2d","Gavin","Hollowell",,"0.0",,"P","Colorado Rockies",,
"576e6516-934d-45fa-8641-f0d2ab99168d","Jason","Alexander",,"0.0",,"P","Milwaukee Brewers","OUT",
"582a727b-40a3-48b8-ae32-9aae8080c511","Nick","Avila",,"0.0",,"P",,,
"5861ab3a-988e-49d5-a590-8c1d4e13ef91","Adrian","Morejon",,"0.0",,"P","San Diego Padres","OUT",
"58cb68f4-1fe6-444a-a8d9-6f8e7c999abf","Yennier","Cano",,"0.0",,"P","Baltimore Orioles",,
"5980ab30-1ac2-4764-997a-34c83c4ac895","Beau","Brieske",,"0.0",,"P","Detroit Tigers",,
"59df65ef-c77d-47ff-aa6f-8087bc11a383","Harrison","Bader",,"0.0",,"OF","New York Yankees","OUT",
"5a421d1a-3672-4787-99bf-571a7b37fd8d","Jonathan","Aranda",,"0.0",,"IF","Tampa Bay Rays",,
"5b2a352f-a7e2-432e-9d9a-0bac014e6dab","Garrett","Hill",,"0.0",,"P","Detroit Tigers",,
"5b93276c-3dc5-4e53-a0cd-ca53f776d1f2","Johnny","Cueto",,"0.0",,"P","Miami Marlins",,
"5b9cf1cf-3836-4545-b654-862bc957bd0b","Adam","Engel",,"0.0",,"OF","San Diego Padres","OUT",
"5bd20d76-7404-4794-9d55-beb602da0617","Ian","Anderson",,"0.0",,"P","Atlanta Braves",,
"5c1107b3-2a87-44af-809a-3b1a708b5205","Marco","Gonzales",,"0.0",,"P","Seattle Mariners",,
"5c613a55-d31a-484a-92dd-e23f169cc4eb","Michael","Wacha",,"0.0",,"P","San Diego Padres",,
"5e41855a-1529-4186-a42c-7fff06dc9aa5","Brady","Singer",,"0.0",,"P","Kansas City Royals",,
"5f9d8b91-2d3a-449c-bb14-3792a5fa71f8","Max","Meyer",,"0.0",,"P","Miami Marlins","OUT",
"60118637-5dcb-4a12-8512-97eae7c760d7","Drew","Rasmussen",,"0.0",,"P","Tampa Bay Rays",,
"614752d5-a3b1-4364-b05e-264b07db157e","Yu","Darvish",,"0.0",,"P","San Diego Padres",,
"6167b6af-ad8c-4535-909b-f838a916d799","Tyler","Nevin",,"0.0",,"IF","Detroit Tigers","OUT",
"619a8c10-b3d8-437e-adc6-ad1f2c3064fd","Nate","Pearson",,"0.0",,"P","Toronto Blue Jays",,
"621886df-7779-48e0-b5b6-a225b8ab8217","Sixto","Sánchez",,"0.0",,"P","Miami Marlins","OUT",
"63ccf295-0a96-44ee-b6de-dcefbe52548d","Jarren","Duran",,"0.0",,"OF","Boston Red Sox",,
"653e4ed6-6a69-4f0c-8dfe-06264e5fa1a5","Austin","Gomber",,"0.0",,"P","Colorado Rockies",,
"65c1705e-4c41-4145-a921-7781d19069d4","Tejay","Antone",,"0.0",,"P","Cincinnati Reds","OUT",
"66cbc401-bf2b-4210-a01d-650f19d5f6f0","Mychal","Givens",,"0.0",,"P","Baltimore Orioles","OUT",
"67a64134-6d72-439c-9204-b220832f57f9","Mike","Clevinger",,"0.0",,"P","Chicago White Sox",,
"68ef0adc-7418-49ba-b073-c98c4365073e","Andrew","Politi",,"0.0",,"P",,,
"6962b27d-ecae-4652-9ce7-ce08992c3e1b","Ronny","Henriquez",,"0.0",,"P","Minnesota Twins","OUT",
"69e36c77-c3b4-4ba7-8867-af215ff37e92","Taijuan","Walker",,"0.0",,"P","Philadelphia Phillies",,
"6ba9dba7-dbf3-45ee-b2e0-bca27cc10a9a","Edwin","Uceta",,"0.0",,"P","Detroit Tigers",,
"6bb841a6-4d9f-4f74-ac50-cf7ca1c6a84e","Chris","Bassitt",,"0.0",,"P","Toronto Blue Jays",,
"6c605154-5954-4ece-9c4c-fa1bd6af150f","Taylor","Trammell",,"0.0",,"OF","Seattle Mariners","OUT",
"6ce7119d-0754-42a4-9372-bd5a498a4731","Leury","García",,"0.0",,"IF","Chicago White Sox",,
"6cebdd7e-04e7-4548-96a0-fff03e3e45ac","Jordan","Montgomery",,"0.0",,"P","St. Louis Cardinals",,
"6da23345-c822-4251-bad5-045151c87272","Dillon","Tate",,"0.0",,"P","Baltimore Orioles","OUT",
"6ed5f7ab-ea60-47fa-b15e-0376d4a885fd","Luis","Patiño",,"0.0",,"P","Tampa Bay Rays",,
"6fe65c40-f893-4037-8baf-4e706e66dee1","Alex","Kirilloff",,"0.0",,"OF","Minnesota Twins","OUT",
"70058e08-fe2b-40dd-a33d-e42591306437","Merrill","Kelly",,"0.0",,"P","Arizona Diamondbacks",,
"70ab72db-5f88-4f23-9108-6fc9da774c6e","Austin","Slater",,"0.0",,"OF","San Francisco Giants","OUT",
"713565f3-0405-47a1-bb5c-3859c9fc12d1","Zack","Weiss",,"0.0",,"P","Los Angeles Angels",,
"72580de3-b16a-4e48-902e-c7628e7ab675","Chase","Silseth",,"0.0",,"P","Los Angeles Angels",,
"72713742-a8ec-4d74-bf1b-f18a93eceb07","Cody","Morris",,"0.0",,"P","Cleveland Guardians","OUT",
"72ce9605-dc58-4cbd-b2a1-6c5bbb06d312","Joey","Wentz",,"0.0",,"P","Detroit Tigers",,
"734e8037-c729-477c-bcc4-95646e9164dc","Raisel","Iglesias",,"0.0",,"P","Atlanta Braves","OUT",
"736718db-7f97-4ecf-8b28-bc189f871906","Jaime","Barría",,"0.0",,"P","Los Angeles Angels",,
"76091a25-6866-4564-a7fd-0ec8f16b3218","Anthony","DeSclafani",,"0.0",,"P","San Francisco Giants",,
"77c3c225-110c-4e95-9091-16146a62e9f2","Antonio","Senzatela",,"0.0",,"P","Colorado Rockies","OUT",
"77f74c4a-9eca-40e0-9a12-3b96d8aba643","Konnor","Pilkington",,"0.0",,"P","Cleveland Guardians",,
"78493f9d-1112-469e-9d16-5da0cf4f0dc2","Nick","Padilla",,"0.0",,"P","Chicago White Sox",,
"787c5aa2-f2d2-40d3-95de-b86d23864179","Steven","Okert",,"0.0",,"P","Miami Marlins","OUT",
"78b2d6de-7aaa-4dd8-b170-4ce0def44401","Tucker","Davidson",,"0.0",,"P","Los Angeles Angels",,
"79a5d3be-79e5-4427-844b-337a3bea6eb8","Joe","Musgrove",,"0.0",,"P","San Diego Padres","OUT",
"7adf0a8f-8335-4428-b701-93de8893c89a","Justin","Steele",,"0.0",,"P","Chicago Cubs",,
"7afefc2d-134e-4dad-a4aa-9332a3cd00ec","Michael","Lorenzen",,"0.0",,"P","Detroit Tigers","OUT",
"7d12964c-a58d-4f08-90f6-c767048083cc","Rylan","Bannon",,"0.0",,"IF","Houston Astros",,
"7d40e216-cb7b-433f-a1ef-b268a1e46be1","Luke","Jackson",,"0.0",,"P","San Francisco Giants","OUT",
"7d4859cf-9e7d-474d-a6ba-b1aaad733b07","Joey","Votto",,"0.0",,"IF","Cincinnati Reds","OUT",
"7eab51d5-5847-4f0e-a9f4-73df9a821f0a","Drew","Pomeranz",,"0.0",,"P","San Diego Padres","OUT",
"7f1d8cf7-bbf4-472f-8acd-f7219a61be0b","Madison","Bumgarner",,"0.0",,"P","Arizona Diamondbacks",,
"8020f9b6-fcfc-4b08-a5ce-cf8767b0146e","Max","Kranick",,"0.0",,"P","Pittsburgh Pirates","OUT",
"81910a90-083e-4b9a-8237-159a3101209d","Carlos","Rodón",,"0.0",,"P","New York Yankees","OUT",
"82496ad1-228c-4084-9598-beae8f085114","Andrew","Heaney",,"0.0",,"P","Texas Rangers",,
"82ae5bbc-f851-4044-9caa-198c6cd1458e","Brad","Keller",,"0.0",,"P","Kansas City Royals",,
"82d04647-fd28-4740-8ceb-26acc0913a4b","Pedro","Avila",,"0.0",,"P","San Diego Padres",,
"8333c9f8-21ab-414e-9236-d2cb537cc49d","Erich","Uelmen",,"0.0",,"P","Philadelphia Phillies",,
"83b4b838-1c60-4bae-99dd-9df090d385fd","Tyler","Matzek",,"0.0",,"P","Atlanta Braves","OUT",
"84411be6-5899-435d-bddd-ea21d03b14ed","Tyler","Wells",,"0.0",,"P","Baltimore Orioles",,
"84525a98-aeac-4c44-848d-70a553413aa8","Luis","Gil",,"0.0",,"P","New York Yankees","OUT",
"846c618d-d5cf-4dc2-adbb-34db4af47f4f","Eric","Lauer",,"0.0",,"P","Milwaukee Brewers",,
"8506057e-b687-4d34-ab5d-fe879d78675a","Chad","Green",,"0.0",,"P","Toronto Blue Jays","OUT",
"853b483b-41a8-474b-95cb-a5cdec0b10c2","Brayan","Bello",,"0.0",,"P","Boston Red Sox","OUT",
"858fe2b9-2892-4cd5-9824-5891317f8245","Yohan","Ramirez",,"0.0",,"P","Pittsburgh Pirates",,
"85f6658b-8726-4e02-8738-b54ec227bd4c","Zach","Eflin",,"0.0",,"P","Tampa Bay Rays",,
"8aedac87-7719-4311-bb1f-93e6f6c16986","Ray","Kerr",,"0.0",,"P","San Diego Padres",,
"8b094490-ad9b-4ffa-98a4-7baf62bf1fba","Ryan","Yarbrough",,"0.0",,"P","Kansas City Royals",,
"8b6fe166-49f4-45cc-8daf-269d5cd0e2d9","Víctor","Arano",,"0.0",,"P","Washington Nationals","OUT",
"8b92a1f1-a0af-4941-94a9-7bbc10d1751b","Anthony","Bender",,"0.0",,"P","Miami Marlins","OUT",
"8bc82e0c-45d1-47ce-97c9-a8fec6e10fe5","Elieser","Hernandez",,"0.0",,"P","New York Mets",,
"8cc76d0c-9526-47ef-b9d1-0df57a7f3df5","Tommy","Henry",,"0.0",,"P","Arizona Diamondbacks",,
"8cf0c6ae-ede5-47b9-945f-49adf086dbd5","Brendan","Rodgers",,"0.0",,"IF","Colorado Rockies","OUT",
"8d73a263-96c6-4d91-b71d-5e4242f2cd5c","José","Berríos",,"0.0",,"P","Toronto Blue Jays",,
"8eeab924-961b-4625-b6fd-c256b3c10aab","Matt","Foster",,"0.0",,"P","Chicago White Sox","OUT",
"8f580ccc-5814-4e7c-8dee-43ef316bc14a","Kris","Bubic",,"0.0",,"P","Kansas City Royals",,
"8fae90aa-12b1-45b4-a9b3-bcde7c5a03db","Hunter","Gaddis",,"0.0",,"P","Cleveland Guardians",,
"928cf620-732c-463a-bef0-9dce85366743","Génesis","Cabrera",,"0.0",,"P","St. Louis Cardinals",,
"93414980-02e9-4d92-92da-45ea29716d3e","Trent","Thornton",,"0.0",,"P","Toronto Blue Jays",,
"9454d2ec-cf4a-43f8-b193-64b8357739f0","Nick","Martinez",,"0.0",,"P","San Diego Padres",,
"94b79814-e0da-4655-855e-a5870587097d","Grayson","Rodriguez",,"0.0",,"P","Baltimore Orioles",,
"952214c9-9e01-4962-a3d0-f5705e47f27d","Michael","Brantley",,"0.0",,"OF","Houston Astros",,
"9680f49b-c04a-4804-9e63-b14089609f66","Brandon","Dixon",,"0.0",,"IF","San Diego Padres",,
"9746010b-0aa9-48a1-99e0-e990444c9a28","Louie","Varland",,"0.0",,"P","Minnesota Twins",,
"978b51e0-bb49-4807-8294-528799b52a3e","Jake","Bird",,"0.0",,"P","Colorado Rockies",,
"9796e94b-ce1c-4657-9521-15fefa877bbb","Luis","González",,"0.0",,"OF","San Francisco Giants","OUT",
"97a12812-d6d6-4535-ad1c-2901a1fcd181","Mitch","White",,"0.0",,"P","Toronto Blue Jays","OUT",
"99615726-046c-40a6-a823-e6e7614a23a8","Freddy","Peralta",,"0.0",,"P","Milwaukee Brewers",,
"9a5174cd-3e23-4d93-a60c-9f27023ad871","Luis","Severino",,"0.0",,"P","New York Yankees","OUT",
"9a5cea73-d4dc-4488-8788-2217369fe101","Paul","DeJong",,"0.0",,"IF","St. Louis Cardinals","OUT",
"9a95710b-daa7-42ff-9205-45a7bd997fdf","Ranger","Suárez",,"0.0",,"P","Philadelphia Phillies","OUT",
"9b1976a9-cdda-4610-ba6e-60bdaff6308a","Griffin","Canning",,"0.0",,"P","Los Angeles Angels",,
"9b5fef95-bd3c-421c-a1eb-dad98fa87423","Ryan","Weathers",,"0.0",,"P","San Diego Padres",,
"9bd90dd4-103d-41c0-8b7b-b01eb66a2b43","Paul","Blackburn",,"0.0",,"P","Oakland Athletics","OUT",
"9c13e432-0179-45e1-8efd-ff26991cfe7f","Luis","Garcia",,"0.0",,"P","Houston Astros",,
"9c3f057c-de8f-4cff-a6ec-77ce2c9a50bd","Jay","Groome",,"0.0",,"P","San Diego Padres",,
"9d3e59c0-0dfc-4c6a-8aae-91a700ce47a4","Stephen","Ridings",,"0.0",,"P","New York Mets","OUT",
"9d66a441-14f7-4be2-8f69-be2ec7917a20","Blake","Taylor",,"0.0",,"P","Houston Astros",,
"9d8c90e7-7be4-4732-8d05-a951fc08bbf2","Nick","Lodolo",,"0.0",,"P","Cincinnati Reds",,
"9de85e93-5839-4226-9361-455fcf08be1b","Daniel","Hudson",,"0.0",,"P","Los Angeles Dodgers",,
"9ea5684d-dbf4-4d27-9875-a334a778f8a3","John","Means",,"0.0",,"P","Baltimore Orioles","OUT",
"a069db7e-f4a3-401e-a500-984e5446f15c","Carson","Kelly",,"0.0",,"IF","Arizona Diamondbacks","OUT",
"a06f6359-3014-491d-8a50-6b2f3da0302c","Julio","Teheran",,"0.0",,"P",,,
"a1364234-bdeb-4415-adcd-11c52dedfa29","Richard","Lovelady",,"0.0",,"P","Kansas City Royals",,
"a32850a9-99b4-4ecb-8bf7-957245c1f002","Michael","Grove",,"0.0",,"P","Los Angeles Dodgers",,
"a32d5da7-61fc-4d83-a7ea-869f132f629e","Lucas","Gilbreath",,"0.0",,"P","Colorado Rockies","OUT",
"a39688f2-d483-4598-9445-a169d4ad2170","Wade","Miley",,"0.0",,"P","Milwaukee Brewers",,
"a3fd8ff4-d4eb-4cf0-ab7a-4df46a56595e","Ethan","Roberts",,"0.0",,"P","Chicago Cubs","OUT",
"a51f5603-3346-4a19-a398-dc6b0f54f6a4","Tanner","Banks",,"0.0",,"P","Chicago White Sox",,
"a591e0bc-99a8-43ff-a6f8-4457767b67f6","George","Kirby",,"0.0",,"P","Seattle Mariners",,
"a7196256-53ab-4302-9f09-42db4a7d3898","Kody","Clemens",,"0.0",,"IF","Philadelphia Phillies",,
"a75e5b4b-ad8e-46fe-af2d-7773e8d22966","Dean","Kremer",,"0.0",,"P","Baltimore Orioles",,
"a79e2264-bab9-4eb6-8095-84b144811b28","Collin","Snider",,"0.0",,"P","Kansas City Royals",,
"a8bb7e04-18e4-4f8f-bd52-1d76d33cb2b9","Scott","Effross",,"0.0",,"P","New York Yankees","OUT",
"a9ef5c91-d748-4489-81a1-59e4ecb9c774","Josh","Winder",,"0.0",,"P","Minnesota Twins","OUT",
"aa5fa2c2-dd11-4553-9624-07fac3fb13a3","Tanner","Rainey",,"0.0",,"P","Washington Nationals","OUT",
"aa9cf217-7963-4d51-ac31-e61677e69789","Huascar","Ynoa",,"0.0",,"P","Atlanta Braves","OUT",
"aab8761d-e726-4da3-aa5b-83ff5580aa12","Casey","Mize",,"0.0",,"P","Detroit Tigers","OUT",
"ab96a0ea-d520-4d4e-822b-00ba205e4d7e","Luke","Weaver",,"0.0",,"P","Cincinnati Reds","OUT",
"ac1f2704-01d1-46b0-b698-2808f6f4c72b","Jameson","Taillon",,"0.0",,"P","Chicago Cubs",,
"ac6d6044-61da-43da-8761-b450f93c71d5","Josh","Staumont",,"0.0",,"P","Kansas City Royals",,
"ad622f0e-16d0-4b92-b470-3ceb329ae91c","Stephen","Strasburg",,"0.0",,"P","Washington Nationals","OUT",
"ada613e7-948f-4ebb-87f8-a12479d209a1","Alex","Reyes",,"0.0",,"P","Los Angeles Dodgers",,
"adb620f7-88da-4913-aa8e-6a7150037b31","DL","Hall",,"0.0",,"P","Baltimore Orioles",,
"af493d7a-1107-4e41-94eb-4e62233acf48","Peter","Lambert",,"0.0",,"P","Colorado Rockies",,
"afd9762e-1c08-4734-85a9-67332a04528c","Ryan","Pepiot",,"0.0",,"P","Los Angeles Dodgers",,
"b115384f-7e85-4d8b-900f-c74cd2cdd468","Oswald","Peraza",,"0.0",,"IF","New York Yankees",,
"b20d72ea-01da-46d7-b3d7-65321e301c5c","Michel","Baez",,"0.0",,"P","San Diego Padres",,
"b2353513-7b1f-440c-bc73-7c2a32062254","Kirby","Snead",,"0.0",,"P","Oakland Athletics","OUT",
"b23bb9af-434a-40ca-a5c7-05d89c2bb0a3","Drew","Smyly",,"0.0",,"P","Chicago Cubs",,
"b249df8c-3a0d-45b9-bd0c-6883d28f109c","Jesús","Luzardo",,"0.0",,"P","Miami Marlins",,
"b341f5c5-457b-4bfe-a4b5-a4e0075b0161","Elvis","Peguero",,"0.0",,"P","Milwaukee Brewers",,
"b343af03-7f73-410a-92aa-9392cb98214a","Trevor","Kelley",,"0.0",,"P","Tampa Bay Rays",,
"b38ac9d3-e4fe-4a65-85bf-287d3af7082b","Dylan","Moore",,"0.0",,"OF","Seattle Mariners","OUT",
"b5cdbe76-3845-4721-a912-c052e3c9be3b","Thomas","Hatch",,"0.0",,"P","Toronto Blue Jays",,
"b66ab094-52af-4e13-b753-84f10fdd2cbe","Michael","Kopech",,"0.0",,"P","Chicago White Sox",,
"b6e9d911-cc33-43d4-8038-4780ef39d753","Korey","Lee",,"0.0",,"IF","Houston Astros",,
"b72b992c-8145-450b-9987-d94f0737bc88","Bligh","Madris",,"0.0",,"OF","Houston Astros",,
"b753c479-f5dc-4853-804b-588fa2d5b076","Adam","Wainwright",,"0.0",,"P","St. Louis Cardinals","OUT",
"b7556eab-4db9-4a5a-9853-78d9b7426611","Connor","Seabold",,"0.0",,"P","Colorado Rockies",,
"b8040042-c34f-47c0-b95e-217b313f6f20","Yerry","Rodriguez",,"0.0",,"P","Texas Rangers",,
"b81cab23-0669-4a8d-81e7-faf5b7fa8fab","Victor","González",,"0.0",,"P","Los Angeles Dodgers",,
"b834bc21-b6ba-4be9-838e-6e17959c5e64","Josh","Taylor",,"0.0",,"P","Kansas City Royals",,
"b857d146-5594-4578-a565-b938f50cc045","Tayler","Saucedo",,"0.0",,"P","Seattle Mariners",,
"b9a9c75e-e04b-46ae-b2ad-2143dd6be3aa","Bryce","Elder",,"0.0",,"P","Atlanta Braves",,
"ba53b70d-5598-4485-a11e-9e8fbf60f935","Codi","Heuer",,"0.0",,"P","Chicago Cubs","OUT",
"baa92f0d-4f2f-4925-92d0-358620097a63","José","Ureña",,"0.0",,"P","Colorado Rockies",,
"bb14e448-128c-476d-bfe9-e1fd8dedcd9d","Daniel","Lynch",,"0.0",,"P","Kansas City Royals","OUT",
"bbe55538-9748-4543-abae-97d0d0e85c54","Janson","Junk",,"0.0",,"P","Milwaukee Brewers",,
"bc613450-8f21-44cf-8445-a1aba7f2df4d","Otto","Lopez",,"0.0",,"OF","Toronto Blue Jays",,
"bc7a9562-e764-43ac-830e-530488c50abc","Jose","Cuas",,"0.0",,"P","Kansas City Royals",,
"bc95e493-c850-4a23-b0f0-974aa478abc1","Seiya","Suzuki",,"0.0",,"OF","Chicago Cubs","OUT",
"bc9a79b7-3378-451d-910b-d6688a18d9e0","Easton","McGee",,"0.0",,"P","Seattle Mariners",,
"bcade501-558b-481d-9727-6f1aaaa7ba8a","Triston","McKenzie",,"0.0",,"P","Cleveland Guardians","OUT",
"bd2d64d4-6b7e-466f-8228-19176f590fb4","Spenser","Watkins",,"0.0",,"P","Baltimore Orioles",,
"bdd58e90-f4fe-49f7-a4ba-41690825ce07","Martín","Pérez",,"0.0",,"P","Texas Rangers",,
"bdf8405b-7977-4787-b255-51a6bee4c21a","Corbin","Martin",,"0.0",,"P","Arizona Diamondbacks","OUT",
"bdfc3b58-a61e-4ae6-9ddc-0a28eedea71c","Yusei","Kikuchi",,"0.0",,"P","Toronto Blue Jays",,
"be1f5b5b-3636-4b39-a51c-61476ec2a40e","Nestor","Cortes",,"0.0",,"P","New York Yankees",,
"be54c686-5091-4dd5-a846-bbd4f7abf059","Nick","Vespi",,"0.0",,"P","Baltimore Orioles",,
"be7bbb48-757d-4a21-ab92-0550086f23e7","Tony","Gonsolin",,"0.0",,"P","Los Angeles Dodgers","OUT",
"bef31c62-f212-4147-8a2c-96bbb492e745","Justin","Topa",,"0.0",,"P","Seattle Mariners",,
"bf283daa-d87a-486e-98fb-457b7c9e3e9f","Matt","Manning",,"0.0",,"P","Detroit Tigers",,
"bf386073-3121-4132-a1cc-debd3aca1c43","Tylor","Megill",,"0.0",,"P","New York Mets",,
"c02050a2-2e08-4ea0-a055-6a734e447589","Ryan","Feltner",,"0.0",,"P","Colorado Rockies",,
"c078a7b1-a708-4478-b458-52375f02ce02","Brandon","Hughes",,"0.0",,"P","Chicago Cubs","OUT",
"c0ba1678-470e-4872-b908-6ab25a73285c","Sean","Manaea",,"0.0",,"P","San Francisco Giants",,
"c0e1271b-1ddf-4a85-a551-7933cc57a4f5","Deivi","García",,"0.0",,"P","New York Yankees",,
"c2963b91-591c-4a91-8e74-c24266c753f2","Parker","Mushinski",,"0.0",,"P","Houston Astros",,
"c2d07f56-7d80-4fe3-81be-6a8ad45bb80e","Jackson","Kowar",,"0.0",,"P","Kansas City Royals",,
"c368d8b8-be48-4341-9b6b-5ef83f2f4a93","Kyle","Bradish",,"0.0",,"P","Baltimore Orioles",,
"c3c4ad5f-5073-41c0-bc56-dc68c272ad95","Jake","Walsh",,"0.0",,"P","St. Louis Cardinals",,
"c3d68358-8ac5-4f4e-9c94-3affdbe4e1e7","Adrian","Sampson",,"0.0",,"P","Chicago Cubs",,
"c3f6780a-4e1d-405e-a6a3-4dc15574b779","Dakota","Hudson",,"0.0",,"P","St. Louis Cardinals",,
"c4ca746b-1c40-4ed8-876e-3efe3ea3b58c","Justin","Wilson",,"0.0",,"P","Milwaukee Brewers","OUT",
"c5845203-47a3-46dc-b635-9365803cc423","Kenta","Maeda",,"0.0",,"P","Minnesota Twins",,
"c584bfae-2a8b-4304-9441-425af9b39730","Luis","Cessa",,"0.0",,"P","Cincinnati Reds",,
"c5e9be7c-f7e6-4e09-93e0-6dea02aeaa0d","Freddy","Tarnok",,"0.0",,"P","Oakland Athletics","QUESTIONABLE",
"c64c2638-9d2f-4128-a0c9-2d5b4342d7be","Brennan","Bernardino",,"0.0",,"P","Seattle Mariners",,
"c66dfb92-aeb5-42f6-8e93-84919b61ad0b","Hayden","Wesneski",,"0.0",,"P","Chicago Cubs",,
"c6c7dd07-86ad-4c25-a725-c8a25bfe4732","Mark","Mathias",,"0.0",,"IF","Pittsburgh Pirates",,
"c767f801-5f20-43b9-9a9d-bc4ecdda3e78","Ken","Waldichuk",,"0.0",,"P","Oakland Athletics",,
"c7960048-af09-4848-8d21-1739b1531663","Jonathan","Heasley",,"0.0",,"P","Kansas City Royals",,
"c82e2ee7-d79e-4362-9d79-a4999fae93fd","Luis","Frías",,"0.0",,"P","Arizona Diamondbacks",,
"c8364510-7064-4b5d-83a6-8e2d5688cb74","Blake","Treinen",,"0.0",,"P","Los Angeles Dodgers",,
"c99d791b-28b8-4a01-95d0-ef066974bca6","Jose","Altuve",,"0.0",,"IF","Houston Astros","OUT",
"ca30654d-ee65-45cc-babc-1756682d460b","Jeff","Brigham",,"0.0",,"P","New York Mets",,
"cacf8827-2bf4-4fcf-8a59-2052437a5654","Joely","Rodríguez",,"0.0",,"P","Boston Red Sox","OUT",
"caeaa9ac-4361-4e22-baed-79311c7c902c","Gabe","Speier",,"0.0",,"P","Seattle Mariners",,
"cafd04b9-9a28-40cf-b49f-dd68065653c9","Will","Vest",,"0.0",,"P","Detroit Tigers",,
"cb3578de-0181-4fb4-b651-88ca4ddece50","Brandon","Woodruff",,"0.0",,"P","Milwaukee Brewers",,
"cb4a8e13-760d-4c4a-9ff5-32aa1d8b1e37","Connor","Overton",,"0.0",,"P","Cincinnati Reds",,
"cb96ff2a-d8fc-4d2d-a505-e5aa71513f99","Cole","Waites",,"0.0",,"P","San Francisco Giants",,
"cc15d0e0-035b-4e71-85f0-2f728eb81516","Wyatt","Mills",,"0.0",,"P","Boston Red Sox","OUT",
"cd0ec812-dcbb-4942-a701-504d62415a1a","Reiss","Knehr",,"0.0",,"P","San Diego Padres",,
"cd73f989-ec95-4425-9da1-29db89aa3d25","Davis","Martin",,"0.0",,"P","Chicago White Sox",,
"ce5c9a1d-7e32-45c0-9f93-f7e67f821d89","Jake","Cousins",,"0.0",,"P","Milwaukee Brewers",,
"cea7dff6-bb70-44fc-992f-9798a6f1f3fb","Abraham","Toro",,"0.0",,"IF","Milwaukee Brewers",,
"cf769034-f695-4a91-90e3-f4bb92371a11","Bryce","Montes de Oca",,"0.0",,"P","New York Mets","OUT",
"d08bd976-efb2-4677-a4fb-6efd40b1f4d5","Patrick","Sandoval",,"0.0",,"P","Los Angeles Angels",,
"d091571b-f55c-4b81-9a74-0e480073df81","Domingo","Germán",,"0.0",,"P","New York Yankees",,
"d1353be1-9979-4e41-9ec5-1edb6e1bad25","Trevor","Story",,"0.0",,"IF","Boston Red Sox","OUT",
"d1b36ee0-f777-4a44-be9e-6d07a2a37ff0","Wilking","Rodriguez",,"0.0",,"P","St. Louis Cardinals","OUT",
"d1d1f850-c9ca-4ed3-b651-91f60b6b1241","Jake","Odorizzi",,"0.0",,"P","Texas Rangers","OUT",
"d3116451-24c9-4168-82bc-18342813fc26","Tyler","Anderson",,"0.0",,"P","Los Angeles Angels",,
"d344ea69-3089-4fc3-9055-716f348cd0b5","Robert","Suarez",,"0.0",,"P","San Diego Padres","OUT",
"d40a21fb-e23e-4cf5-a01a-1526930e3ad9","Robert","Stephenson",,"0.0",,"P","Pittsburgh Pirates","OUT",
"d4185863-fbb3-4b59-b048-ba8d08750adf","Jon","Gray",,"0.0",,"P","Texas Rangers",,
"d4a31d1d-48f3-4441-acaf-31f1d2f4b6e5","Adalberto","Mondesi",,"0.0",,"IF","Boston Red Sox","OUT",
"d4ccfa58-3a41-4f6c-a275-ceed1fcdad09","José","Urquidy",,"0.0",,"P","Houston Astros",,
"d4d4de4b-d716-4f4e-89a4-ef0c68710d3f","Lou","Trivino",,"0.0",,"P","New York Yankees","OUT",
"d4d7d044-ea5c-4810-8ad7-b730a00a5c90","Kevin","Gausman",,"0.0",,"P","Toronto Blue Jays",,
"d5101740-0b0a-4575-8e09-9b92f156d584","Spencer","Howard",,"0.0",,"P","Texas Rangers","QUESTIONABLE",
"d5396f0b-d6b9-4f5b-8dd0-10f3c7936ed4","Drew","Rucinski",,"0.0",,"P","Oakland Athletics","OUT",
"d6f17a98-88e6-4655-9e78-e18e54354700","James","Paxton",,"0.0",,"P","Boston Red Sox","OUT",
"d77257d2-5f81-4f74-b226-b2eb96aa54b5","Frankie","Montas",,"0.0",,"P","New York Yankees","OUT",
"d840a622-46b1-4e3a-8b24-59a65d0e76f2","José","Marte",,"0.0",,"P","Los Angeles Angels",,
"d9b8e04d-306e-46a1-af5e-5690ef18a078","Tommy","Nance",,"0.0",,"P","Miami Marlins","OUT",
"dad5d220-c765-4c77-bb42-b44e0db43ea5","Nathan","Eovaldi",,"0.0",,"P","Texas Rangers",,
"dadfbae1-693a-423e-a31c-48d27bc5d486","Matthew","Liberatore",,"0.0",,"P","St. Louis Cardinals",,
"db8fd184-9603-4255-9f2d-63974a0142e6","Kolby","Allard",,"0.0",,"P","Atlanta Braves","OUT",
"dc715dc7-8f18-421b-8e8c-df4ee049b98c","Max","Stassi",,"0.0",,"IF","Los Angeles Angels","OUT",
"e0294ff6-d098-4594-b42b-0ca7b475842c","Joey","Lucchesi",,"0.0",,"P","New York Mets",,
"e0391d63-b200-4b07-881d-b8176d32fdaa","Rhys","Hoskins",,"0.0",,"IF","Philadelphia Phillies","OUT",
"e0acbf5d-2333-4aa2-bce3-02d7535bed6f","A.J.","Alexy",,"0.0",,"P","Chicago White Sox",,
"e11bd017-1106-4d75-a86a-06545ecad590","Noah","Davis",,"0.0",,"P","Colorado Rockies",,
"e16ca5fc-9a5e-48a3-8f24-b83ecbf218c5","JoJo","Romero",,"0.0",,"P","St. Louis Cardinals",,
"e1940cc8-a84a-44c3-bf15-bdf433820bd5","Lance","Lynn",,"0.0",,"P","Chicago White Sox",,
"e2a2ca86-1733-4f1e-ae1f-d93a489c4c9e","Sean","Bouchard",,"0.0",,"IF","Colorado Rockies","OUT",
"e372e35d-9a78-4959-a0bb-89b773e28f12","Cory","Abbott",,"0.0",,"P","Washington Nationals",,
"e3a9f631-045c-44d6-ba4f-2b98d3c15982","Anthony","Misiewicz",,"0.0",,"P","St. Louis Cardinals",,
"e4e4d148-df61-4db1-a191-d812372256f3","Tony","Santillan",,"0.0",,"P","Cincinnati Reds","OUT",
"e657e19a-bbb9-4031-a45f-5d1000b6d500","José","Castillo",,"0.0",,"P","San Diego Padres","OUT",
"e8580bc1-68bb-4bec-8f51-6ea079cf1f7b","Max","Castillo",,"0.0",,"P","Kansas City Royals",,
"e90a29a0-e48c-4e39-976d-d868eedb8e92","Jake","Brentz",,"0.0",,"P","Kansas City Royals","OUT",
"e962aad9-0838-4005-a9a2-c72be515b079","Edwin","Díaz",,"0.0",,"P","New York Mets","OUT",
"e9c917e9-69ce-4611-be9e-a0bdd86883ba","Aaron","Ashby",,"0.0",,"P","Milwaukee Brewers","OUT",
"ea2d0685-bafb-45ea-8f1c-4c2235b2e05f","Michael","Soroka",,"0.0",,"P","Atlanta Braves","OUT",
"eb244d95-5831-4444-8b7e-c66581fa6336","Joe","Mantiply",,"0.0",,"P","Arizona Diamondbacks","OUT",
"ec48578d-8786-438f-999a-b5549b3066d5","Darin","Ruf",,"0.0",,"OF",,,
"ecb5f690-57ca-4f6d-bd12-7e3ccec6c358","Steven","Matz",,"0.0",,"P","St. Louis Cardinals",,
"ecd06602-3a23-4b80-897f-564aa76c5214","Tyler","Kinley",,"0.0",,"P","Colorado Rockies","OUT",
"ee7f179b-2b25-4f61-94bb-d9623a4969de","Rich","Hill",,"0.0",,"P","Pittsburgh Pirates",,
"efa03306-291d-4701-bd1e-a3fc6e313438","Vince","Velasquez",,"0.0",,"P","Pittsburgh Pirates",,
"efc5ce5b-237e-4fa5-aae8-3bfc0b6c01eb","Zach","Davies",,"0.0",,"P","Arizona Diamondbacks",,
"f096992e-8d94-4382-8059-a83ee58f302b","Zack","Wheeler",,"0.0",,"P","Philadelphia Phillies",,
"f201bc2a-3235-4472-ab11-6c49aefb4105","Nick","Pivetta",,"0.0",,"P","Boston Red Sox",,
"f25732b8-af5d-40c7-9998-0171672eb8b9","Shane","Baz",,"0.0",,"P","Tampa Bay Rays","OUT",
"f29a629e-cf4f-4bee-a865-22ba454b3d0f","Jordan","Weems",,"0.0",,"P","Washington Nationals",,
"f3f8084c-c459-49d7-aa00-4cea42dbbf75","Sam","Coonrod",,"0.0",,"P","New York Mets","OUT",
"f4edbeee-d413-4856-bba2-879a99f81f2d","Bennett","Sousa",,"0.0",,"P","Cincinnati Reds",,
"f50fdcc2-0931-4682-9371-bff7cf57be17","Jimmy","Nelson",,"0.0",,"P","Los Angeles Dodgers",,
"f6b0db28-fc8f-4275-8ffb-7e25a561baaa","Jack","Flaherty",,"0.0",,"P","St. Louis Cardinals",,
"f80755a5-164a-4ddc-ae90-9e403981cb6e","Brett","Martin",,"0.0",,"P","Texas Rangers","OUT",
"f8494746-4bd3-44bf-9d9e-cabcaa261eb3","Luis","Ortiz",,"0.0",,"P","Pittsburgh Pirates",,
"f85f4b61-1e50-4376-afcb-11c5fd63053f","Andrew","Kittredge",,"0.0",,"P","Tampa Bay Rays","OUT",
"f879607c-9ad2-4146-8f35-6083f1a870da","David","Peterson",,"0.0",,"P","New York Mets",,
"f9a0e265-b648-4219-a7d8-7cb276e21a97","Drew","Waters",,"0.0",,"OF","Kansas City Royals","OUT",
"fa06e0e3-eb9d-4385-9dc2-f91b9ff540cd","Edward","Cabrera",,"0.0",,"P","Miami Marlins",,
"fbb9a482-9b3b-43b9-abc6-bc2e14f8590b","Roansy","Contreras",,"0.0",,"P","Pittsburgh Pirates",,
"fc9410da-57b8-4253-8c90-f0fe50ab42ab","Trevor","Williams",,"0.0",,"P","Washington Nationals",,
"fdeef276-2eaa-416a-b9e1-940b6d618e30","Charlie","Morton",,"0.0",,"P","Atlanta Braves",,
"ffac0d49-a6bd-420a-b8a8-55ae844b466e","Ethan","Small",,"0.0",,"P","Milwaukee Brewers",,
"75987f2a-3a98-4d83-88a0-19841b5eec4e","Gregory","Santos",,"0.0",,"P","Chicago White Sox",,
"fd39d44c-0455-4286-9b35-66391cead403","Xzavion","Curry",,"0.0",,"P","Cleveland Guardians",,
"7337fd41-fd13-4247-899e-4d23add7cb45","Ty","Blach",,"0.0",,"P","Colorado Rockies",,